ID,TARGET
0,12.283736
1,20.80565
2,27.98419
3,36.232468
4,42.283558
5,47.618916
6,56.80323
7,55.16123
8,55.418938
9,59.661793
10,49.11652
11,51.491
12,48.68453
13,46.92678
14,29.921389
15,28.328897
16,15.552549
17,9.574585
18,2.4120512
19,-0.31288302
20,-0.2121166
21,-0.28720582
22,-0.22338474
23,-0.25056207
24,-0.21066701
25,-0.1935929
26,-0.19576967
27,-0.13022268
28,-0.16124713
29,-0.08886945
30,-0.11541736
31,-0.057399154
32,-0.07024658
33,-0.16235006
34,-0.00746572
35,-0.19048107
36,-0.026971698
37,-0.21712911
38,-0.050901294
39,-0.25509346
40,-0.07657039
41,-0.28768432
42,-0.10860288
43,-0.36725342
44,-0.13242567
45,-0.38324344
46,-0.1509856
47,2.6591935
48,11.271888
49,22.112255
50,28.43212
51,41.093555
52,43.680523
53,51.0778
54,51.959217
55,56.227554
56,55.75778
57,56.667072
58,54.612274
59,53.99934
60,49.159725
61,49.34801
62,38.840885
63,36.96393
64,16.556429
65,11.1448555
66,3.1500607
67,-0.3416432
68,-0.17717636
69,-0.2936076
70,-0.18479478
71,-0.2184366
72,-0.20032251
73,-0.1820029
74,-0.17917287
75,-0.12807977
76,-0.16917789
77,-0.07387912
78,-0.15229642
79,-0.037292838
80,-0.12581575
81,-0.1408776
82,-0.009068847
83,-0.0994395
84,-0.028305888
85,-0.12853658
86,-0.052317977
87,-0.14455402
88,-0.07590902
89,-0.07128465
90,-0.100966334
91,-0.08142364
92,-0.12362325
93,-0.08713281
94,-0.1513151
95,2.7241225
96,10.822691
97,19.263857
98,24.828636
99,37.8795
100,41.367977
101,50.433308
102,51.328587
103,55.003597
104,54.653828
105,57.091545
106,54.897648
107,55.990562
108,42.215645
109,47.39558
110,41.61775
111,36.8
112,17.184668
113,12.083691
114,2.4397535
115,-0.42069066
116,-0.13682258
117,-0.32076466
118,-0.07043159
119,-0.27815902
120,-0.053890586
121,-0.24511588
122,-0.043965697
123,-0.19840133
124,-0.028684974
125,-0.16512573
126,-0.08670223
127,-0.22346294
128,-0.0466336
129,-0.49723327
130,-0.014005542
131,-0.43655765
132,-0.026326537
133,-0.37878835
134,-0.04733932
135,-0.34182298
136,-0.07464874
137,-0.2708286
138,-0.09147394
139,-0.2707051
140,-0.10992372
141,-0.26852167
142,-0.13034952
143,2.5526485
144,11.1523075
145,20.186186
146,26.576086
147,38.031315
148,41.51735
149,47.452957
150,49.647182
151,53.266834
152,53.074368
153,54.522297
154,53.2119
155,52.964558
156,48.983967
157,48.6011
158,40.070652
159,35.777412
160,17.04651
161,12.651386
162,3.3975778
163,-0.4083885
164,-0.15918672
165,-0.37927258
166,-0.08229864
167,-0.32196772
168,-0.04907024
169,-0.254305
170,-0.034855247
171,-0.1836611
172,-0.028808951
173,-0.1253041
174,0.010365605
175,-0.0858475
176,0.053583264
177,-0.30123222
178,-0.020780444
179,-0.32923162
180,-0.040587306
181,-0.32963622
182,-0.05822313
183,-0.33965838
184,-0.07804334
185,-0.3760823
186,-0.09440076
187,-0.3706559
188,-0.10960996
189,-0.40704095
190,-0.120654464
191,0.93201077
192,7.249043
193,17.508207
194,22.402494
195,34.60698
196,33.124294
197,48.409237
198,55.512684
199,53.765373
200,58.01408
201,63.920124
202,50.687572
203,55.75442
204,40.19273
205,55.43264
206,22.29022
207,17.641428
208,16.614756
209,12.206701
210,2.7396107
211,-0.3993734
212,-0.13630855
213,-0.34928071
214,-0.06830633
215,-0.28740418
216,-0.08077037
217,-0.22110593
218,-0.09481275
219,-0.16124284
220,-0.08276737
221,-0.1271764
222,-0.09950578
223,-0.099722266
224,-0.076972365
225,-0.29706562
226,-0.021987319
227,-0.2207216
228,-0.026322246
229,-0.13289726
230,-0.05286634
231,-0.16698301
232,-0.086953044
233,-0.12505233
234,-0.105817676
235,-0.15713823
236,-0.1291436
237,-0.17628658
238,-0.1558274
239,2.3843985
240,9.535846
241,18.998896
242,25.17289
243,33.760742
244,33.77602
245,51.116444
246,52.029133
247,55.66751
248,54.98897
249,57.17459
250,54.24422
251,55.259045
252,49.956573
253,51.27133
254,39.97581
255,35.28701
256,15.592215
257,9.8972435
258,2.572122
259,-0.4145285
260,-0.15733087
261,-0.3371023
262,-0.13272512
263,-0.26904166
264,-0.10705078
265,-0.21782911
266,-0.045550227
267,-0.18152082
268,0.012384534
269,-0.13978255
270,0.02651608
271,-0.1427368
272,-0.036214232
273,-0.38947618
274,-0.0143169165
275,-0.38814723
276,-0.033796668
277,-0.41456234
278,-0.047326922
279,-0.438295
280,-0.050310493
281,-0.4548849
282,-0.06435478
283,-0.46745002
284,-0.0797323
285,-0.46326578
286,-0.09727943
287,0.7846348
288,8.138156
289,27.241686
290,29.70372
291,44.53835
292,44.726215
293,51.650085
294,51.43511
295,53.870205
296,58.253105
297,54.445255
298,51.857445
299,51.405144
300,38.002193
301,38.502182
302,27.177536
303,27.780584
304,13.230562
305,8.22685
306,1.8139099
307,-0.2652713
308,-0.10607374
309,-0.18873346
310,-0.04516828
311,-0.13060701
312,0.013920903
313,-0.082054496
314,0.054298043
315,-0.050929904
316,0.0753566
317,0.0078936815
318,0.112605214
319,0.044306874
320,0.13645566
321,0.040385842
322,-0.008391738
323,0.04815471
324,-0.013563991
325,0.0074511766
326,-0.021283984
327,0.07532847
328,-0.029618144
329,0.06735146
330,-0.036007762
331,0.08513701
332,-0.037460685
333,0.08465779
334,-0.036937594
335,1.0244218
336,3.966701
337,8.984188
338,13.334576
339,17.817902
340,20.989199
341,21.968185
342,19.084242
343,7.5869
344,34.94328
345,45.860626
346,42.467876
347,39.046764
348,35.897697
349,31.803526
350,24.191236
351,27.201536
352,13.832199
353,9.36146
354,1.6124979
355,-0.25599372
356,-0.20253885
357,-0.17195833
358,-0.21384037
359,-0.08489168
360,-0.1395129
361,0.20085633
362,-0.06991565
363,0.034523606
364,-0.082339644
365,-0.025733829
366,-0.037284255
367,0.00081026554
368,0.027940392
369,-0.1961385
370,-0.0038169622
371,-0.1772834
372,-0.026221633
373,-0.1772753
374,-0.05785501
375,-0.2034148
376,-0.09050071
377,-0.1745323
378,-0.11428964
379,-0.19752061
380,-0.15136278
381,-0.2854296
382,-0.18440998
383,1.033229
384,6.4637794
385,15.752438
386,20.678837
387,35.83138
388,34.105923
389,43.682774
390,47.56565
391,49.24218
392,46.631023
393,51.57004
394,50.441734
395,50.235897
396,47.036655
397,44.46275
398,35.668564
399,31.468992
400,14.8902
401,8.7945175
402,1.6087767
403,-0.36979592
404,-0.12287271
405,-0.34300506
406,-0.079021335
407,-0.3177837
408,-0.124123454
409,-0.35787332
410,-0.112708926
411,-0.38879693
412,0.026145577
413,-0.26052535
414,0.11221373
415,-0.13834321
416,0.1939112
417,-0.4317001
418,-0.05069816
419,-0.44366157
420,-0.06885326
421,-0.45205963
422,-0.08571708
423,-0.46872628
424,-0.10256088
425,-0.48441613
426,-0.11672962
427,-0.51771986
428,-0.14258134
429,-0.5211779
430,-0.20715988
431,-0.5343369
432,5.4807076
433,19.067585
434,21.183958
435,34.4222
436,33.49966
437,52.327236
438,54.081528
439,57.396236
440,47.308273
441,58.384342
442,46.993103
443,55.383663
444,36.235195
445,11.683155
446,9.139864
447,7.152451
448,5.0278144
449,2.0230541
450,0.15200627
451,-0.40173233
452,-0.18596399
453,-0.3512498
454,-0.12609708
455,-0.43746436
456,0.04654324
457,-0.22557008
458,0.19207108
459,0.0014415979
460,0.38596022
461,-0.0037065744
462,0.5883204
463,0.06916344
464,0.74275506
465,-0.3780216
466,-0.03868997
467,-0.3444835
468,-0.047623515
469,-0.3690387
470,-0.08144462
471,-0.40939844
472,-0.101435065
473,-0.44690764
474,-0.11956346
475,-0.46392405
476,-0.14178598
477,-0.50889313
478,-0.145419
479,-0.552101
480,4.6934543
481,12.956808
482,15.867304
483,24.086403
484,25.903055
485,36.159534
486,39.551754
487,42.08762
488,43.3058
489,53.216763
490,52.325176
491,52.106613
492,45.809975
493,42.974133
494,33.161484
495,28.670443
496,14.229678
497,9.084223
498,1.347962
499,-0.39743078
500,-0.18866146
501,-0.34799254
502,-0.1471299
503,-0.3008734
504,-0.095727324
505,-0.25537717
506,-0.14698398
507,-0.2626382
508,-0.09596336
509,-0.20214522
510,-0.058915496
511,-0.045998216
512,-0.028960109
513,-0.22639883
514,0.011890531
515,-0.17296898
516,-0.0044983625
517,-0.15595305
518,-0.0298208
519,-0.15145504
520,-0.050545096
521,-0.14526069
522,-0.074128985
523,-0.16629803
524,-0.09952533
525,-0.19238412
526,-0.12884986
527,-0.22425449
528,0.19802916
529,1.2718147
530,1.8241955
531,2.3917336
532,3.162765
533,4.788752
534,7.9143157
535,23.25656
536,20.619642
537,14.207672
538,17.38517
539,5.757799
540,12.2222395
541,7.1619797
542,6.2232723
543,4.527576
544,2.9938965
545,1.3731786
546,-0.09988582
547,-0.26841486
548,-0.2618593
549,-0.22362697
550,-0.21231973
551,-0.16964614
552,-0.18621719
553,-0.12041509
554,-0.16133535
555,-0.091335654
556,-0.14188278
557,-0.05593908
558,-0.1110543
559,-0.008056521
560,-0.06877601
561,-0.027832389
562,0.025505185
563,0.005944371
564,0.009591699
565,-0.047075152
566,-0.019536376
567,-0.0444597
568,-0.04095781
569,-0.03256023
570,-0.059128165
571,-0.03870237
572,-0.080700755
573,-0.04365146
574,-0.100201964
575,-0.10379636
576,8.104051
577,14.639527
578,19.97904
579,23.672451
580,31.243395
581,33.157818
582,37.989433
583,40.15137
584,41.73937
585,42.088604
586,41.15786
587,39.332565
588,34.460712
589,33.580524
590,24.91609
591,20.925247
592,12.436654
593,6.1338964
594,-0.22638118
595,-0.18112409
596,-0.25513732
597,-0.130772
598,-0.22000062
599,-0.07147157
600,-0.18185318
601,-0.03996837
602,-0.15604722
603,-0.020510554
604,-0.1123513
605,0.046298146
606,-0.08150327
607,0.072080255
608,-0.053290248
609,0.119757295
610,0.019410253
611,0.0318352
612,0.004050374
613,0.033845067
614,-0.018257022
615,-0.006523013
616,-0.040461898
617,-0.022374988
618,-0.059904456
619,-0.029475093
620,-0.07832086
621,-0.02987945
622,-0.09383571
623,-0.06696117
624,6.294067
625,14.748663
626,19.308739
627,26.391066
628,31.400042
629,41.774708
630,38.480793
631,40.63296
632,35.354633
633,29.435993
634,27.095892
635,24.865679
636,14.771091
637,1.7016538
638,1.6735436
639,1.5839125
640,0.68378747
641,-0.040867925
642,-0.16087043
643,-0.28779972
644,-0.1577357
645,-0.23579085
646,-0.13005102
647,-0.17985427
648,-0.064374804
649,-0.1507324
650,-0.037841678
651,-0.108838916
652,0.013242364
653,-0.0827378
654,0.06532776
655,-0.045272708
656,0.11065018
657,-0.19188893
658,-0.059946895
659,-0.22803295
660,-0.052337527
661,-0.24654114
662,-0.06290567
663,-0.2489456
664,-0.08082092
665,-0.30310476
666,-0.09085786
667,-0.34184587
668,-0.10630119
669,-0.3714987
670,-0.120375514
671,-0.3950094
672,8.260862
673,16.97442
674,22.2185
675,32.724735
676,37.195045
677,44.513557
678,46.298573
679,48.33855
680,50.226284
681,49.47098
682,39.93261
683,27.931494
684,42.512615
685,42.366993
686,31.297201
687,27.248089
688,13.204164
689,8.706001
690,-0.22341955
691,-0.2595123
692,-0.25351322
693,-0.24113691
694,-0.27479827
695,-0.19684541
696,-0.2543863
697,-0.1321367
698,-0.22594345
699,-0.07919252
700,-0.19011056
701,-0.052096248
702,-0.15402687
703,0.0010796785
704,-0.12935722
705,-0.0024865866
706,0.003482461
707,-0.07373512
708,-0.017778754
709,-0.11226261
710,-0.038127303
711,-0.13792741
712,-0.058962226
713,-0.22369373
714,-0.08893812
715,-0.24376285
716,-0.1097368
717,-0.27571428
718,-0.13204563
719,-0.31220138
720,8.005077
721,16.253265
722,23.183853
723,35.22557
724,40.244663
725,47.037685
726,49.31071
727,50.933174
728,52.369568
729,52.741253
730,52.05074
731,55.07825
732,36.25464
733,45.50228
734,36.45031
735,30.997839
736,14.817964
737,9.150429
738,-0.14634073
739,-0.42634213
740,-0.14034402
741,-0.38308275
742,-0.08462989
743,-0.3082391
744,-0.05578077
745,-0.25149548
746,-0.025761962
747,-0.20124757
748,0.009084821
749,-0.16344869
750,0.024358869
751,-0.13164175
752,0.05243647
753,-0.44783342
754,-0.01827848
755,-0.4750558
756,-0.023496985
757,-0.48425305
758,-0.036756396
759,-0.5126139
760,-0.0390805
761,-0.5173782
762,-0.05248964
763,-0.5119697
764,-0.06642616
765,-0.5134419
766,-0.082484126
767,-0.49920356
768,2.3137455
769,5.903835
770,10.714891
771,14.6140995
772,17.93051
773,21.150644
774,23.163984
775,25.031599
776,41.65372
777,56.80299
778,52.404243
779,48.020782
780,44.093365
781,37.961918
782,25.506384
783,23.832893
784,11.910523
785,7.055288
786,-0.14292324
787,-0.3604144
788,-0.11368787
789,-0.33862078
790,-0.05380571
791,-0.29421175
792,-0.032526374
793,-0.2372309
794,0.0026513338
795,-0.20825827
796,0.029170156
797,-0.15566456
798,0.07992852
799,-0.09856665
800,0.10093939
801,-0.36452758
802,-0.044052005
803,-0.34825003
804,-0.053076148
805,-0.318987
806,-0.043312907
807,-0.3266574
808,-0.055385947
809,-0.28904784
810,-0.06650293
811,-0.28291285
812,-0.07621658
813,-0.27346766
814,-0.08201492
815,-0.2936715
816,7.645593
817,19.046606
818,24.509651
819,37.530598
820,41.964134
821,48.987907
822,50.65836
823,54.00648
824,53.835808
825,60.176083
826,38.789524
827,55.727608
828,33.67942
829,45.25162
830,28.557238
831,29.222034
832,11.57844
833,7.4769387
834,-0.15233314
835,-0.36815155
836,-0.098944545
837,-0.33423007
838,-0.05986488
839,-0.2873522
840,-0.029197574
841,-0.24117482
842,-0.009231448
843,-0.19357693
844,0.026257157
845,-0.15431249
846,0.048197865
847,-0.122941375
848,0.053728223
849,-0.47173345
850,-0.015574336
851,-0.13067997
852,0.006167531
853,0.12550032
854,-0.014099002
855,0.13636363
856,-0.03556764
857,0.12438309
858,-0.06032026
859,0.024324536
860,-0.0929445
861,0.015813947
862,-0.12882984
863,-0.07831371
864,1.8922964
865,4.3188224
866,8.506456
867,11.849745
868,15.362549
869,12.467836
870,13.934477
871,18.236465
872,35.812305
873,39.223377
874,29.331736
875,27.837889
876,24.689184
877,21.86307
878,28.813435
879,25.530617
880,12.408576
881,6.538926
882,-0.19486749
883,-0.3016268
884,-0.14128292
885,-0.2358185
886,-0.12368429
887,-0.17013872
888,-0.07374084
889,-0.10896242
890,-0.031121135
891,-0.049039245
892,0.01586926
893,0.014695764
894,0.062000394
895,0.07726586
896,0.10599911
897,-0.016547322
898,0.02286017
899,-0.014089227
900,-0.00030839443
901,-0.04223001
902,-0.026208282
903,-0.073317885
904,-0.05191028
905,-0.10297334
906,-0.08400428
907,-0.21381342
908,-0.11230886
909,-0.2635976
910,-0.13312376
911,-0.29196537
912,4.883943
913,16.141197
914,19.313715
915,36.781208
916,36.36021
917,45.33472
918,46.037518
919,42.14123
920,49.812626
921,61.408775
922,54.233906
923,58.662193
924,44.30778
925,45.60728
926,28.25717
927,23.064512
928,11.296089
929,5.2121024
930,-0.14806497
931,-0.30626595
932,-0.17866695
933,-0.26472223
934,-0.1740545
935,-0.2516967
936,-0.107426524
937,-0.21995509
938,-0.074880004
939,-0.19880831
940,-0.044660926
941,-0.23042119
942,-0.11158836
943,-0.24147594
944,-0.16013706
945,-0.339826
946,-0.035107493
947,-0.33311737
948,-0.0525254
949,-0.32928073
950,-0.068518996
951,-0.3458959
952,-0.08526075
953,-0.30821598
954,-0.0980643
955,-0.24857819
956,-0.11529338
957,-0.18828523
958,-0.12852037
959,-0.19364917
960,4.4775457
961,13.412953
962,17.658297
963,35.100536
964,38.70042
965,48.695763
966,48.63072
967,53.289883
968,52.385906
969,56.807735
970,52.444725
971,56.215393
972,47.85306
973,48.828075
974,36.512226
975,29.35364
976,13.360002
977,7.01467
978,-0.14695966
979,-0.3739277
980,-0.101781726
981,-0.30139005
982,-0.08298242
983,-0.2514273
984,-0.076349616
985,-0.18942463
986,-0.047444224
987,-0.14653623
988,-0.027641177
989,-0.103841186
990,-0.0065425634
991,-0.056580186
992,0.009565473
993,-0.25488412
994,-0.009192824
995,-0.25348938
996,-0.02699554
997,-0.2523626
998,-0.04645431
999,-0.24595606
1000,-0.066912055
1001,-0.233621
1002,-0.086800456
1003,-0.21730793
1004,-0.10627687
1005,-0.20187509
1006,-0.127056
1007,-0.20041168
1008,4.799503
1009,13.7822275
1010,18.676977
1011,30.522837
1012,34.30719
1013,43.729206
1014,43.72298
1015,57.671272
1016,36.25754
1017,14.496562
1018,27.526646
1019,47.718784
1020,28.48791
1021,25.490644
1022,19.715425
1023,15.37439
1024,8.984694
1025,3.8612895
1026,-0.12030733
1027,-0.33282697
1028,-0.13371646
1029,-0.28025806
1030,-0.18672216
1031,-0.21282804
1032,-0.19649637
1033,-0.17699707
1034,-0.16659391
1035,-0.13962448
1036,-0.10781562
1037,-0.0859822
1038,-0.05042684
1039,-0.034217715
1040,-0.0029462576
1041,-0.12753332
1042,0.0051084757
1043,-0.11433399
1044,-0.014054179
1045,-0.08458555
1046,-0.03275478
1047,-0.051635146
1048,-0.056652427
1049,-0.07663572
1050,-0.07673299
1051,-0.07578409
1052,-0.100838065
1053,-0.094573855
1054,-0.12382877
1055,-0.089060664
1056,4.8171296
1057,13.013649
1058,18.082335
1059,29.124563
1060,34.261127
1061,43.664173
1062,44.595673
1063,49.33674
1064,49.1661
1065,52.4901
1066,50.032852
1067,50.983135
1068,45.89171
1069,45.657413
1070,34.851288
1071,26.755827
1072,13.980087
1073,7.581246
1074,-0.11903083
1075,-0.36758673
1076,-0.11199033
1077,-0.2830521
1078,-0.14358747
1079,-0.21908414
1080,-0.0944103
1081,-0.17300689
1082,-0.039862514
1083,-0.12525785
1084,-0.034698844
1085,-0.067272544
1086,-0.00095689297
1087,-0.02100861
1088,0.027219415
1089,-0.13239157
1090,0.016885877
1091,-0.10903084
1092,-0.0014084578
1093,-0.18288743
1094,-0.033854842
1095,-0.2143668
1096,-0.059874892
1097,-0.25144708
1098,-0.07915151
1099,-0.2379359
1100,-0.10340059
1101,-0.25033414
1102,-0.1265887
1103,-0.24339235
1104,3.949655
1105,13.41556
1106,17.150515
1107,29.936533
1108,29.055792
1109,43.676014
1110,39.85988
1111,49.149803
1112,41.83706
1113,53.664783
1114,38.543613
1115,41.844532
1116,30.39451
1117,28.737242
1118,20.775198
1119,18.944464
1120,9.343203
1121,4.68391
1122,-0.057072997
1123,-0.23867142
1124,-0.06269348
1125,-0.14668548
1126,-0.010831714
1127,-0.06573427
1128,0.02993977
1129,-0.015747666
1130,0.057338357
1131,-0.0015486479
1132,0.061327577
1133,0.016354203
1134,0.055639863
1135,0.034018636
1136,0.0556432
1137,-0.12786686
1138,0.02694714
1139,-0.19652331
1140,-0.018244147
1141,-0.20719731
1142,-0.045875907
1143,-0.16522205
1144,-0.08259761
1145,-0.03029859
1146,-0.11565387
1147,0.11825979
1148,-0.18186653
1149,0.34123194
1150,-0.14078653
1151,0.3919326
1152,5.029224
1153,12.53117
1154,17.770866
1155,31.675161
1156,32.086567
1157,37.136887
1158,43.76751
1159,47.120163
1160,47.123695
1161,47.167942
1162,36.857613
1163,38.718708
1164,33.108303
1165,33.503685
1166,24.588734
1167,23.096224
1168,9.251538
1169,4.805368
1170,-0.13760078
1171,-0.33392537
1172,-0.12964761
1173,-0.37284648
1174,-0.19711578
1175,-0.37368858
1176,-0.22003496
1177,-0.44282758
1178,-0.14694679
1179,-0.3534063
1180,-0.2117089
1181,-0.3744501
1182,0.016738534
1183,-0.27767646
1184,0.052630067
1185,-0.39688432
1186,-0.046219707
1187,-0.39370596
1188,-0.06467712
1189,-0.38970077
1190,-0.07424581
1191,-0.3459767
1192,-0.07810342
1193,-0.28439724
1194,-0.0847801
1195,-0.26706564
1196,-0.0930804
1197,-0.26941836
1198,-0.12721622
1199,-0.30977595
1200,4.733743
1201,15.094115
1202,20.544474
1203,35.32981
1204,37.65335
1205,43.807384
1206,45.28742
1207,48.69573
1208,48.665462
1209,49.6811
1210,47.8275
1211,47.03936
1212,42.827858
1213,41.518284
1214,31.975851
1215,24.109037
1216,12.812666
1217,6.670075
1218,-0.12366426
1219,-0.40269816
1220,-0.20032632
1221,-0.40334952
1222,-0.1975106
1223,-0.38236248
1224,-0.1982907
1225,-0.4457029
1226,-0.14952838
1227,-0.35845625
1228,-0.2364906
1229,-0.37916338
1230,-0.18259037
1231,-0.44405115
1232,-0.081790805
1233,-0.4501251
1234,-0.061639667
1235,-0.4031688
1236,-0.086832404
1237,-0.4118811
1238,-0.11041725
1239,-0.42042077
1240,-0.13195217
1241,-0.40081584
1242,-0.15256774
1243,-0.3786255
1244,-0.17267215
1245,-0.3826233
1246,-0.19463575
1247,-0.40000594
1248,3.14009
1249,12.628569
1250,17.744997
1251,33.05695
1252,36.781384
1253,39.86086
1254,36.233612
1255,43.900715
1256,39.81084
1257,50.39456
1258,47.466053
1259,45.599186
1260,33.04327
1261,33.314026
1262,32.978287
1263,28.94701
1264,13.76604
1265,7.016795
1266,0.45216525
1267,-0.0861963
1268,0.32601893
1269,-0.12366617
1270,0.23051131
1271,-0.05922401
1272,0.26994956
1273,-0.19209039
1274,0.15194714
1275,-0.19420469
1276,0.11447394
1277,-0.3461231
1278,-0.04979694
1279,-0.352898
1280,-0.045852542
1281,-0.27954352
1282,-0.07806194
1283,-0.2960831
1284,-0.086592555
1285,-0.30647528
1286,-0.09466159
1287,-0.25266802
1288,-0.106796145
1289,-0.27008212
1290,-0.106983066
1291,-0.24403012
1292,-0.10361469
1293,-0.21315467
1294,-0.09534395
1295,-0.18747103
1296,3.5904126
1297,11.549355
1298,16.249105
1299,27.976042
1300,31.525827
1301,23.943918
1302,16.95692
1303,17.37797
1304,10.321507
1305,9.671181
1306,12.988649
1307,12.483437
1308,11.1057415
1309,9.640148
1310,7.659144
1311,5.3752213
1312,3.9867158
1313,1.5765139
1314,-0.13024223
1315,-0.26221573
1316,-0.090954185
1317,-0.1463126
1318,-0.05707538
1319,-0.0657419
1320,-0.031130195
1321,-0.026076674
1322,0.039044976
1323,0.01238215
1324,0.08258307
1325,0.08790362
1326,0.13713324
1327,0.15423405
1328,0.18245614
1329,-0.0683862
1330,0.015840173
1331,-0.08896601
1332,-0.007003188
1333,-0.06177652
1334,-0.056137443
1335,-0.030414224
1336,-0.07729423
1337,-0.037834764
1338,-0.09823358
1339,-0.070325255
1340,-0.12345922
1341,-0.11398375
1342,-0.13922489
1343,-0.14494717
1344,1.9759272
1345,6.0942917
1346,9.74737
1347,17.684652
1348,20.464102
1349,33.78378
1350,33.808254
1351,28.711464
1352,38.439747
1353,49.974583
1354,35.774395
1355,34.12028
1356,41.05183
1357,37.94992
1358,28.704145
1359,24.557863
1360,11.140155
1361,6.169617
1362,-0.1053828
1363,-0.28078425
1364,-0.122446895
1365,-0.33960927
1366,-0.03284967
1367,-0.3347193
1368,0.018309712
1369,-0.18334329
1370,0.15094292
1371,-0.032349467
1372,0.27026093
1373,0.07580078
1374,0.35355628
1375,0.090682626
1376,0.40715468
1377,-0.48747385
1378,-0.07377899
1379,-0.48150265
1380,-0.10399997
1381,-0.4462031
1382,-0.11669004
1383,-0.46645272
1384,-0.13185346
1385,-0.45669115
1386,-0.15626037
1387,-0.46060288
1388,-0.18519199
1389,-0.47115934
1390,-0.22518814
1391,-0.48815882
1392,3.3223805
1393,16.517153
1394,21.518904
1395,34.96801
1396,39.105522
1397,44.094734
1398,47.309402
1399,51.585064
1400,52.05192
1401,52.77061
1402,52.30324
1403,50.749607
1404,46.978184
1405,42.24806
1406,33.47524
1407,24.865217
1408,13.7612915
1409,8.116432
1410,-0.18844879
1411,-0.52062976
1412,-0.08825719
1413,-0.5492815
1414,-0.036055923
1415,-0.5004002
1416,-0.028062701
1417,-0.3888415
1418,0.051437497
1419,-0.21159828
1420,0.22888672
1421,-0.08258045
1422,0.33277476
1423,0.03422129
1424,0.4151212
1425,-0.62095296
1426,-0.07174432
1427,-0.6300355
1428,-0.10782802
1429,-0.63901937
1430,-0.14541996
1431,-0.63621986
1432,-0.17281759
1433,-0.6444882
1434,-0.1710037
1435,-0.6526655
1436,-0.16242063
1437,-0.63757455
1438,-0.11895549
1439,-0.6306895
1440,3.0725617
1441,17.578485
1442,22.489243
1443,37.712223
1444,41.197414
1445,47.432415
1446,49.901356
1447,52.176876
1448,53.03571
1449,53.49489
1450,53.034737
1451,50.884636
1452,47.59177
1453,41.627975
1454,34.026264
1455,29.062874
1456,14.299409
1457,9.585888
1458,-0.11775005
1459,-0.5293101
1460,0.070191026
1461,-0.33015907
1462,0.18215525
1463,-0.19863355
1464,0.23052037
1465,-0.04824841
1466,0.37025845
1467,-0.052369
1468,0.4690982
1469,-0.019381166
1470,0.5422369
1471,0.028119683
1472,0.61702263
1473,-0.59221077
1474,-0.13594234
1475,-0.6116698
1476,-0.1468147
1477,-0.62958586
1478,-0.14467132
1479,-0.64768326
1480,-0.14263189
1481,-0.6579162
1482,-0.1343311
1483,-0.6485299
1484,-0.13536823
1485,-0.6349621
1486,-0.05587423
1487,-0.59351194
1488,4.473766
1489,18.82276
1490,21.262774
1491,40.400192
1492,42.044407
1493,49.775978
1494,49.90943
1495,54.357006
1496,53.042736
1497,54.84316
1498,51.969204
1499,51.387634
1500,45.226154
1501,43.673832
1502,31.142601
1503,24.704803
1504,12.062951
1505,6.076023
1506,-0.14014518
1507,-0.3911854
1508,-0.13379848
1509,-0.35961115
1510,-0.1114372
1511,-0.3326565
1512,-0.16023529
1513,-0.37726605
1514,-0.17303073
1515,-0.3814746
1516,-0.19236648
1517,-0.41426146
1518,-0.13076961
1519,-0.4320675
1520,-0.04907787
1521,-0.55246127
1522,-0.01571405
1523,-0.5369407
1524,-0.03141105
1525,-0.5277902
1526,-0.049286723
1527,-0.5118569
1528,-0.06763923
1529,-0.48914874
1530,-0.08823097
1531,-0.47245777
1532,-0.109790206
1533,-0.4493767
1534,-0.11926687
1535,-0.45149767
1536,2.0848184
1537,10.828167
1538,15.692167
1539,30.512598
1540,32.887783
1541,41.90857
1542,42.9574
1543,47.064766
1544,46.782177
1545,49.518456
1546,47.18689
1547,48.917583
1548,43.170643
1549,40.80188
1550,29.575506
1551,24.12876
1552,13.157034
1553,6.542484
1554,-0.15785778
1555,-0.3197986
1556,-0.17121446
1557,-0.25894248
1558,-0.11233461
1559,-0.21016967
1560,-0.02113092
1561,-0.16880429
1562,0.03573048
1563,-0.097568154
1564,-0.03925264
1565,-0.087982774
1566,0.15361512
1567,0.15158427
1568,0.33420908
1569,-0.42023218
1570,-0.08345544
1571,-0.4095255
1572,-0.13030231
1573,-0.46915233
1574,-0.15772617
1575,-0.52603734
1576,-0.1518997
1577,-0.5499977
1578,-0.111166835
1579,-0.5879911
1580,-0.10654676
1581,-0.6075829
1582,-0.12088621
1583,-0.63387835
1584,0.74574244
1585,2.6019034
1586,5.9857736
1587,8.655648
1588,11.541426
1589,13.692303
1590,13.259628
1591,21.86151
1592,30.19987
1593,45.98831
1594,29.014723
1595,43.123547
1596,44.86261
1597,44.00203
1598,31.326303
1599,26.02459
1600,11.288996
1601,5.6074014
1602,-0.12711608
1603,-0.32853234
1604,-0.09201944
1605,-0.29043972
1606,-0.121245265
1607,-0.26397288
1608,-0.1127671
1609,-0.21649253
1610,-0.10470235
1611,-0.15374243
1612,-0.060108542
1613,-0.04604304
1614,-0.042917132
1615,0.041279912
1616,-0.019038558
1617,0.029764771
1618,0.004876733
1619,0.067607045
1620,-0.014310718
1621,0.025007367
1622,-0.04221618
1623,0.0394336
1624,-0.07397497
1625,-0.019858718
1626,-0.103045344
1627,-0.06305635
1628,-0.12918651
1629,-0.09215152
1630,-0.15318811
1631,-0.123247504
1632,1.5050713
1633,8.359213
1634,17.628803
1635,30.942484
1636,35.956776
1637,27.66647
1638,33.90884
1639,41.680958
1640,37.7017
1641,36.999653
1642,37.147545
1643,38.875664
1644,12.03971
1645,7.1491094
1646,6.0490537
1647,4.002617
1648,12.587992
1649,6.317266
1650,-0.09279096
1651,-0.30563915
1652,-0.078825355
1653,-0.27218354
1654,-0.11040485
1655,-0.30538738
1656,-0.16273344
1657,-0.40488183
1658,-0.09124887
1659,-0.31130636
1660,0.039273858
1661,-0.1540922
1662,0.17567933
1663,0.056937814
1664,0.40294755
1665,-0.29679263
1666,-0.04759872
1667,-0.31965554
1668,-0.060136676
1669,-0.3067218
1670,-0.081995845
1671,-0.3467239
1672,-0.11497581
1673,-0.3556651
1674,-0.12838876
1675,-0.3004769
1676,-0.19170082
1677,-0.2137686
1678,-0.17991054
1679,-0.15834796
1680,3.474687
1681,13.107688
1682,16.91659
1683,32.79764
1684,34.38488
1685,43.50459
1686,43.89306
1687,49.08371
1688,48.825535
1689,50.407486
1690,47.909218
1691,47.371964
1692,42.74525
1693,38.872723
1694,28.716524
1695,22.795368
1696,12.480867
1697,6.8693004
1698,-0.11290777
1699,-0.34496725
1700,-0.13033521
1701,-0.32566035
1702,-0.070014834
1703,-0.32791126
1704,0.018855691
1705,-0.27792966
1706,0.07022917
1707,-0.22586787
1708,0.11001837
1709,-0.16159403
1710,0.14545643
1711,-0.10487473
1712,0.21284688
1713,-0.49551094
1714,-0.016428351
1715,-0.5000218
1716,-0.018797755
1717,-0.5616697
1718,-0.0343436
1719,-0.611591
1720,-0.05061567
1721,-0.6465529
1722,-0.076830745
1723,-0.65917456
1724,-0.08404434
1725,-0.6932415
1726,-0.111626506
1727,-0.7220906
1728,0.5690547
1729,2.5336127
1730,6.2771077
1731,9.149574
1732,12.42239
1733,14.7288065
1734,25.689955
1735,29.492994
1736,34.539715
1737,43.923725
1738,38.93946
1739,41.539845
1740,33.66164
1741,35.892155
1742,25.330402
1743,21.72059
1744,11.939357
1745,5.8151393
1746,-0.15023887
1747,-0.31549752
1748,-0.15412843
1749,-0.26892507
1750,-0.17377698
1751,-0.24907196
1752,-0.15551317
1753,-0.19364917
1754,-0.15793264
1755,-0.14575326
1756,-0.11332548
1757,-0.077165484
1758,-0.111462474
1759,-0.028202415
1760,-0.079384685
1761,-0.07483995
1762,-0.02368009
1763,-0.12277353
1764,-0.050508857
1765,-0.16538513
1766,-0.0762161
1767,-0.2056731
1768,-0.10069263
1769,-0.23695982
1770,-0.12506664
1771,-0.26001585
1772,-0.14990509
1773,-0.30008543
1774,-0.17592227
1775,-0.33752668
1776,0.18366778
1777,2.4660516
1778,5.930301
1779,8.814806
1780,12.139063
1781,14.454864
1782,30.557045
1783,44.34267
1784,40.0134
1785,52.933697
1786,42.14301
1787,46.31009
1788,36.665916
1789,40.430523
1790,27.333231
1791,24.281069
1792,12.630626
1793,6.0314975
1794,-0.18164146
1795,-0.36630404
1796,-0.14417732
1797,-0.3042873
1798,-0.084632754
1799,-0.23665988
1800,-0.08499944
1801,-0.18306339
1802,-0.031113982
1803,-0.13644278
1804,-0.00824964
1805,-0.07452619
1806,0.029486775
1807,-0.016570449
1808,-0.004992366
1809,-0.20155895
1810,-0.019277453
1811,-0.20101297
1812,-0.03412807
1813,-0.25562775
1814,-0.055463195
1815,-0.26900375
1816,-0.076646686
1817,-0.24923432
1818,-0.098263144
1819,-0.27034938
1820,-0.11413181
1821,-0.25571406
1822,-0.13664234
1823,-0.22429836
1824,1.4906994
1825,8.928064
1826,13.937968
1827,21.62961
1828,27.35943
1829,34.41545
1830,36.171505
1831,41.370224
1832,42.751312
1833,51.17438
1834,40.69244
1835,41.86672
1836,28.637884
1837,27.094492
1838,25.245073
1839,19.610863
1840,13.417728
1841,6.342223
1842,-0.26394022
1843,-0.3078817
1844,-0.22810304
1845,-0.2767564
1846,-0.19145858
1847,-0.22336042
1848,-0.12550437
1849,-0.15376914
1850,-0.10811937
1851,-0.11736214
1852,-0.05008304
1853,-0.07505119
1854,-0.033178687
1855,-0.056222796
1856,0.02228558
1857,-0.3072034
1858,-0.019499183
1859,-0.33644688
1860,-0.044305205
1861,-0.29011142
1862,-0.064181685
1863,-0.27446377
1864,-0.08242214
1865,-0.26117742
1866,-0.10901058
1867,-0.322559
1868,-0.13189876
1869,-0.35253942
1870,-0.15729463
1871,-0.3704158
1872,1.3908712
1873,8.478172
1874,14.603471
1875,24.492685
1876,28.811737
1877,35.73836
1878,38.787254
1879,41.59361
1880,42.30504
1881,42.25772
1882,41.805344
1883,41.783028
1884,37.53687
1885,37.443905
1886,27.088305
1887,21.49659
1888,13.510988
1889,6.445378
1890,-0.21383941
1891,-0.33331096
1892,-0.1613301
1893,-0.25928533
1894,-0.14593446
1895,-0.21300685
1896,-0.09190595
1897,-0.17290413
1898,-0.026337504
1899,-0.1231693
1900,0.0020147562
1901,-0.082968354
1902,0.058370233
1903,-0.12694657
1904,-0.053358912
1905,-0.31072128
1906,-0.0077728033
1907,-0.31251252
1908,-0.026612163
1909,-0.3096243
1910,-0.061699748
1911,-0.35272014
1912,-0.07740724
1913,-0.3723377
1914,-0.09077346
1915,-0.42082703
1916,-0.10285509
1917,-0.45905316
1918,-0.12504756
1919,-0.4798168
1920,1.9078556
1921,9.311844
1922,14.450962
1923,27.870592
1924,31.501532
1925,42.239506
1926,43.76488
1927,48.474453
1928,48.997158
1929,51.97099
1930,49.963886
1931,50.329056
1932,45.12457
1933,43.644306
1934,31.832865
1935,26.043705
1936,13.090782
1937,7.5750184
1938,-0.14088619
1939,-0.35670578
1940,-0.087451816
1941,-0.29720223
1942,-0.05200088
1943,-0.24216807
1944,-0.022093177
1945,-0.21167791
1946,-0.049983382
1947,-0.16924202
1948,-0.0073999166
1949,-0.17754662
1950,-0.061447024
1951,-0.19982517
1952,-0.09647691
1953,-0.45189822
1954,-0.04199016
1955,-0.34676683
1956,-0.046631694
1957,-0.12719929
1958,-0.04836881
1959,0.07802117
1960,-0.06152761
1961,0.13130248
1962,-0.090070605
1963,0.10549605
1964,-0.12034452
1965,0.1752454
1966,-0.14392984
1967,0.15960705
1968,0.06902373
1969,3.0331564
1970,6.197523
1971,8.888438
1972,12.374581
1973,15.223923
1974,10.626251
1975,12.896302
1976,17.146538
1977,23.680647
1978,19.227003
1979,18.047426
1980,13.792282
1981,11.849237
1982,9.69627
1983,7.1277704
1984,5.3826733
1985,2.004406
1986,-0.03351295
1987,-0.14120376
1988,-0.028425097
1989,-0.15299928
1990,-0.061306357
1991,-0.19911897
1992,-0.06918514
1993,-0.1797756
1994,-0.06649244
1995,-0.13559306
1996,-0.19645679
1997,-0.27224863
1998,-0.2214979
1999,-0.26853502
2000,-0.23779666
2001,-0.2560221
2002,-0.06309354
2003,-0.2710532
2004,-0.08553445
2005,-0.256173
2006,-0.10979545
2007,-0.28639543
2008,-0.11399305
2009,-0.3063742
2010,-0.12850511
2011,-0.35828745
2012,-0.1309284
2013,-0.39458477
2014,-0.1378802
2015,-0.40183008
2016,1.4482619
2017,10.409327
2018,15.620495
2019,33.006153
2020,36.967438
2021,44.85283
2022,47.190487
2023,50.41618
2024,50.833614
2025,50.673775
2026,49.97727
2027,48.99097
2028,43.974182
2029,40.135128
2030,30.336126
2031,22.746466
2032,13.706127
2033,6.988269
2034,-0.19305074
2035,-0.3289677
2036,-0.153736
2037,-0.28986776
2038,-0.10909736
2039,-0.23685014
2040,-0.08364236
2041,-0.17487752
2042,-0.050004363
2043,-0.18231547
2044,-0.10013616
2045,-0.19589055
2046,-0.14227855
2047,-0.21214807
2048,-0.0488137
2049,-0.23969185
2050,-0.03196895
2051,-0.28026092
2052,-0.056704402
2053,-0.31478846
2054,-0.09039438
2055,-0.3118099
2056,-0.12206876
2057,-0.3298744
2058,-0.14603078
2059,-0.31780303
2060,-0.16770971
2061,-0.29179657
2062,-0.18791282
2063,-0.2616216
2064,-0.1849879
2065,6.6680665
2066,12.331463
2067,22.580317
2068,23.40255
2069,30.810476
2070,36.699757
2071,40.40984
2072,41.636715
2073,42.060474
2074,41.22471
2075,38.69354
2076,35.75879
2077,26.433733
2078,20.063587
2079,17.420895
2080,9.836779
2081,5.3531985
2082,-0.20727098
2083,-0.25153816
2084,-0.16625631
2085,-0.19847381
2086,-0.09603584
2087,0.018194318
2088,0.021478772
2089,0.2248584
2090,0.082244515
2091,0.19555342
2092,0.1107012
2093,-0.08635938
2094,-0.0825299
2095,-0.24849689
2096,-0.071228385
2097,-0.113161445
2098,-0.0550884
2099,-0.14764726
2100,-0.07199609
2101,-0.1940707
2102,-0.07226503
2103,-0.17654169
2104,-0.08923805
2105,-0.1799773
2106,-0.08026636
2107,-0.21028149
2108,-0.08872354
2109,-0.19397628
2110,-0.09630144
2111,-0.21906078
2112,-0.08075082
2113,9.859537
2114,16.34229
2115,29.080435
2116,35.031315
2117,41.39478
2118,45.144367
2119,48.57747
2120,50.977093
2121,40.393482
2122,37.209362
2123,40.12401
2124,33.389896
2125,36.04867
2126,18.774904
2127,17.937437
2128,9.954655
2129,5.7140684
2130,1.3491169
2131,-0.50052893
2132,-0.07170808
2133,-0.45008194
2134,0.022582173
2135,-0.33819187
2136,0.08400786
2137,-0.27852857
2138,0.05752766
2139,-0.36907136
2140,0.022987485
2141,-0.3937403
2142,-0.018872142
2143,-0.30948818
2144,-0.10551441
2145,-0.3588091
2146,-0.052360415
2147,-0.28016365
2148,-0.07108295
2149,-0.27958715
2150,-0.09436023
2151,-0.28392923
2152,-0.11680496
2153,-0.26640975
2154,-0.1411494
2155,-0.30209863
2156,-0.15969884
2157,-0.2806617
2158,-0.17174613
2159,-0.28334868
2160,-0.18898904
2161,6.5287366
2162,13.814305
2163,20.54035
2164,24.09743
2165,31.73886
2166,32.005287
2167,38.37624
2168,36.221615
2169,36.551384
2170,35.974945
2171,36.57557
2172,31.310198
2173,30.85576
2174,23.913021
2175,21.489243
2176,15.441961
2177,7.2289166
2178,1.2235404
2179,-0.22096002
2180,-0.20214117
2181,-0.17398298
2182,-0.15432632
2183,-0.1390022
2184,-0.12166488
2185,-0.11354959
2186,-0.0958575
2187,-0.069924235
2188,-0.07179153
2189,-0.043866992
2190,-0.04330337
2191,0.0034867525
2192,-0.015554309
2193,-0.109799504
2194,-0.052141547
2195,-0.09196794
2196,-0.072675586
2197,-0.052010417
2198,-0.10138166
2199,-0.09485805
2200,-0.12645614
2201,-0.11327112
2202,-0.16146791
2203,-0.079606414
2204,-0.18235719
2205,-0.13672864
2206,-0.21176565
2207,-0.18104684
2208,-0.23386943
2209,6.403909
2210,12.440733
2211,19.52406
2212,25.340311
2213,31.528807
2214,33.16351
2215,38.42853
2216,19.870806
2217,34.80495
2218,33.637486
2219,18.678598
2220,17.571955
2221,15.24608
2222,12.9365225
2223,9.263983
2224,14.856573
2225,6.7615333
2226,2.437245
2227,-0.16429412
2228,-0.16405809
2229,-0.16768062
2230,-0.15992725
2231,-0.13644731
2232,-0.12744558
2233,-0.10924184
2234,-0.08785999
2235,-0.046106696
2236,-0.04518783
2237,-0.014847636
2238,0.0019551516
2239,0.022031426
2240,0.044290185
2241,-0.038586497
2242,-0.066326976
2243,-0.10020268
2244,-0.0802778
2245,-0.12977278
2246,-0.102375865
2247,-0.22736394
2248,-0.1192292
2249,-0.2929486
2250,-0.13726652
2251,-0.30991137
2252,-0.15150535
2253,-0.27714097
2254,-0.15286577
2255,-0.2632867
2256,-0.16262424
2257,7.195417
2258,13.027157
2259,18.88721
2260,24.155886
2261,30.780716
2262,43.021603
2263,47.253407
2264,49.221745
2265,49.388264
2266,49.63396
2267,47.100513
2268,43.108635
2269,37.09745
2270,30.418264
2271,21.149359
2272,14.301783
2273,7.72349
2274,1.5636669
2275,-0.25913084
2276,-0.116446376
2277,-0.23236454
2278,-0.060352683
2279,-0.1856817
2280,-0.033493876
2281,-0.15785873
2282,0.009219289
2283,-0.11384499
2284,0.0030456781
2285,-0.11882913
2286,-0.03284681
2287,-0.13510144
2288,-0.029864669
2289,-0.353886
2290,-0.015826106
2291,-0.38026202
2292,-0.037807345
2293,-0.40724027
2294,-0.061056018
2295,-0.43655455
2296,-0.077439666
2297,-0.46670663
2298,-0.102564216
2299,-0.4504999
2300,-0.13163412
2301,-0.46608365
2302,-0.14666069
2303,-0.48804224
2304,-0.13967979
2305,7.1587152
2306,12.143102
2307,23.319433
2308,26.52157
2309,37.237247
2310,35.246067
2311,44.59194
2312,41.892017
2313,42.41225
2314,39.581463
2315,43.31451
2316,34.71921
2317,33.98895
2318,26.001524
2319,20.453588
2320,13.585124
2321,7.322389
2322,1.3600684
2323,-0.2529565
2324,-0.19354618
2325,-0.20873678
2326,-0.13093174
2327,-0.14887083
2328,-0.07607305
2329,-0.10799587
2330,-0.025037646
2331,-0.07951105
2332,0.03707707
2333,-0.038271308
2334,0.02357161
2335,-0.12116468
2336,0.03987944
2337,-0.319322
2338,-0.008915305
2339,-0.31551325
2340,-0.030561805
2341,-0.31096613
2342,-0.047635913
2343,-0.29592168
2344,-0.07835615
2345,-0.30353892
2346,-0.09599531
2347,-0.28101265
2348,-0.11470783
2349,-0.24221146
2350,-0.12435663
2351,-0.2221111
2352,-0.1361183
2353,5.329088
2354,9.589848
2355,21.442682
2356,23.036402
2357,30.571257
2358,33.465694
2359,41.58602
2360,40.733288
2361,43.789337
2362,38.57516
2363,31.804907
2364,29.204245
2365,27.860956
2366,21.221361
2367,19.702394
2368,10.912481
2369,6.8645406
2370,1.4338924
2371,-0.36414325
2372,-0.12607515
2373,-0.31870496
2374,-0.053649306
2375,-0.2531563
2376,-0.018712878
2377,-0.1941346
2378,0.030492902
2379,-0.10292947
2380,0.01296103
2381,-0.18116128
2382,0.033378243
2383,-0.10336816
2384,0.02292931
2385,-0.20207131
2386,-0.009324908
2387,-0.22821891
2388,-0.03627765
2389,-0.304906
2390,-0.06386745
2391,-0.38207376
2392,-0.08351219
2393,-0.4110421
2394,-0.10200822
2395,-0.4261402
2396,-0.10627401
2397,-0.43561208
2398,-0.12374771
2399,-0.43532646
2400,-0.14277732
2401,9.213057
2402,14.928346
2403,26.203241
2404,31.77281
2405,37.019867
2406,41.535664
2407,44.510075
2408,44.549427
2409,51.520435
2410,46.18396
2411,43.012585
2412,40.448635
2413,37.723705
2414,29.945993
2415,24.992144
2416,13.51877
2417,9.262665
2418,2.3962007
2419,-0.15739834
2420,-0.015804172
2421,-0.18764889
2422,-0.04137647
2423,-0.20588577
2424,-0.049272418
2425,-0.15122283
2426,-0.060216784
2427,-0.085968375
2428,-0.039503455
2429,-0.03967631
2430,-0.014413714
2431,0.002597928
2432,0.00076162815
2433,-0.14731252
2434,-0.034191966
2435,-0.16849124
2436,-0.05570066
2437,-0.14407551
2438,-0.072279334
2439,-0.12613666
2440,-0.09276855
2441,-0.14333928
2442,-0.11657226
2443,-0.1614331
2444,-0.14079559
2445,-0.17316115
2446,-0.16048801
2447,-0.13868606
2448,-0.17495573
2449,5.2147646
2450,10.596946
2451,20.812578
2452,23.052591
2453,31.661116
2454,32.764324
2455,40.932644
2456,39.98862
2457,41.04822
2458,37.524075
2459,39.040012
2460,14.779825
2461,32.83101
2462,25.232916
2463,23.86299
2464,13.779667
2465,7.6110587
2466,1.7422801
2467,-0.2894932
2468,-0.2290777
2469,-0.2470454
2470,-0.17335021
2471,-0.18262088
2472,-0.1381849
2473,-0.11977899
2474,-0.0762161
2475,-0.074296355
2476,-0.008338809
2477,-0.045375705
2478,-0.009900451
2479,-0.02675116
2480,-0.028218627
