"시군구별","구분별","항목","단위","2018. 01 월","2018. 02 월","2018. 03 월","2018. 04 월","2018. 05 월","2018. 06 월","2018. 07 월","2018. 08 월","2018. 09 월","2018. 10 월","2018. 11 월","2018. 12 월","2019. 01 월","2019. 02 월","2019. 03 월","2019. 04 월","2019. 05 월","2019. 06 월","2019. 07 월","2019. 08 월","2019. 09 월","2019. 10 월","2019. 11 월","2019. 12 월","2020. 01 월","2020. 02 월","2020. 03 월","2020. 04 월","2020. 05 월","2020. 06 월","2020. 07 월","2020. 08 월","2020. 09 월","2020. 10 월","2020. 11 월","2020. 12 월",
"수원시","합계","시군별 세대 및 인구","명","1240699","1240110","1240942","1241158","1241908","1242645","1242828","1242638","1242733","1242987","1243041","1242212","1241311","1240842","1240869","1239987","1239068","1238376","1237218","1235845","1236830","1236761","1236329","1235022","1234712","1234308","1233106","1232625","1231201","1230502","1229780","1228097","1226716","1224926","1223702","1221913",
"수원시","남","시군별 세대 및 인구","","","","626105","","","627035","","","627335","","","627004","","","626394","","","625117","","","624196","","","622909","","","621861","","","620426","","","618352","","","615721",
"수원시","여","시군별 세대 및 인구","","","","614837","","","615610","","","615398","","","615208","","","614475","","","613259","","","612634","","","612113","","","611245","","","610076","","","608364","","","606192",
"수원시","세대수","시군별 세대 및 인구","세대","484113","485023","486490","487028","487890","488613","489354","490447","491435","492164","492576","492939","493436","494237","495670","495905","496426","496602","496677","496677","497746","497888","498302","498836","499238","500289","500681","501215","502146","503104","503913","504528","505292","505484","","506950",
"수원시","계","시군별 세대 및 인구","","1202715","1201906","1202104","1201779","1202249","1203000","1203285","1203089","1202958","1202475","1202110","1201166","1200038","1199495","1199599","1198461","1197648","1197153","1196323","1195318","1196074","1195204","1194834","1194465","1193894","1193480","1192762","1192622","1192018","1191542","1191244","1190074","1188926","1187638","1187153","1186078",
"수원시","남","시군별 세대 및 인구","","605800","605273","605416","605162","605443","605835","605939","605938","606020","605743","605455","604918","604383","604076","604349","603839","603426","603047","602650","601973","602477","601900","601697","601410","601097","600958","600550","600616","600154","599868","599719","599101","598549","597863","597612","597076",
"수원시","여","시군별 세대 및 인구","","596915","596633","596688","596617","596806","597165","597346","597151","596938","596732","596655","596248","595655","595419","595250","594622","594222","594106","593673","593345","593597","593304","593137","593055","592797","592522","592212","592006","591864","591674","591525","590973","590377","589775","589541","589002",
"수원시","계","시군별 세대 및 인구","","37984","38204","38838","39379","39659","39645","39543","39549","39775","40512","40931","41046","41273","41347","41270","41526","41420","41223","40895","40527","40756","41557","41495","40557","40818","40828","40344","40003","39183","38960","38536","38023","37790","37288","36549","35835",
"수원시","남","시군별 세대 및 인구","","","","20689","","","21200","","","21315","","","22086","","","22045","","","22070","","","21719","","","21499","","","21311","","","20558","","","19803","","","18645",
"수원시","여","시군별 세대 및 인구","","","","18149","","","18445","","","18460","","","18960","","","19225","","","19153","","","19037","","","19058","","","19033","","","18402","","","17987","","","17190",
"용인시","합계","시군별 세대 및 인구","명","1023152","1024632","1025783","1027167","1028642","1029988","1035058","1039984","1044854","1049102","1051009","1053522","1055369","1056567","1057756","1060810","1064683","1067364","1070879","1073441","1074531","1076398","1077239","1078591","1080626","1082737","1084544","1087151","1088979","1091025","1092630","1093090","1093089","1092760","1091856","1090907",
"용인시","남","시군별 세대 및 인구","","","","510935","","","513166","","","520894","","","524661","","","526601","","","531864","","","535460","","","536877","","","539671","","","543419","","","544361","","","542613",
"용인시","여","시군별 세대 및 인구","","","","514848","","","516822","","","523960","","","528861","","","531155","","","535500","","","539071","","","541714","","","544873","","","547606","","","548728","","","548294",
"용인시","세대수","시군별 세대 및 인구","세대","372998","374166","375064","375809","376535","377137","379247","381814","384280","386759","388384","390137","391468","392837","393857","395331","397197","398698","400454","400454","403083","404484","405560","406880","408194","409892","411186","412683","414132","415491","416896","417777","418471","418896","","420519",
"용인시","계","시군별 세대 및 인구","","1006234","1007764","1008716","1009823","1011178","1012575","1017673","1022653","1027029","1030735","1032480","1035126","1037042","1038403","1039361","1042229","1046066","1048832","1052348","1054989","1055516","1057086","1057895","1059609","1061440","1063650","1065613","1068519","1070987","1073115","1074968","1075659","1075697","1075490","1074790","1074176",
"용인시","남","시군별 세대 및 인구","","499989","500628","501088","501515","502209","503099","505918","508507","510588","512325","512918","514127","515145","515741","516135","517714","519803","521287","523068","524485","524635","525254","525224","525946","526823","527799","528764","530251","531727","532935","533772","534140","534153","533921","533488","532847",
"용인시","여","시군별 세대 및 인구","","506245","507136","507628","508308","508969","509476","511755","514146","516441","518410","519562","520999","521897","522662","523226","524515","526263","527545","529280","530504","530881","531832","532671","533663","534617","535851","536849","538268","539260","540180","541196","541519","541544","541569","541302","541329",
"용인시","계","시군별 세대 및 인구","","16918","16868","17067","17344","17464","17413","17385","17331","17825","18367","18529","18396","18327","18164","18395","18581","18617","18532","18531","18452","19015","19312","19344","18982","19186","19087","18931","18632","17992","17910","17662","17431","17392","17270","17066","16731",
"용인시","남","시군별 세대 및 인구","","","","9847","","","10067","","","10306","","","10534","","","10466","","","10577","","","10825","","","10931","","","10907","","","10484","","","10208","","","9766",
"용인시","여","시군별 세대 및 인구","","","","7220","","","7346","","","7519","","","7862","","","7929","","","7955","","","8190","","","8051","","","8024","","","7426","","","7184","","","6965",
"성남시","합계","시군별 세대 및 인구","명","984475","983956","982883","981768","980744","979591","978119","976015","974841","973692","972822","972280","971347","970351","968796","967337","966614","965914","964353","963187","962322","961516","960917","960342","960296","959794","959120","958793","957339","956471","955465","956876","957848","957352","956342","955248",
"성남시","남","시군별 세대 및 인구","","","","486917","","","485290","","","482941","","","481647","","","479887","","","478445","","","476565","","","475522","","","474856","","","473712","","","474228","","","472833",
"성남시","여","시군별 세대 및 인구","","","","495966","","","494301","","","491900","","","490633","","","488909","","","487469","","","485757","","","484820","","","484264","","","482759","","","483620","","","482415",
"성남시","세대수","시군별 세대 및 인구","세대","396946","397312","397368","397259","397281","397234","397121","397037","397226","397624","397922","398412","398563","398803","398699","398627","399050","399317","399243","399243","399821","399868","400001","400460","400854","401389","401748","402179","402687","403266","403840","405554","406802","407242","","407912",
"성남시","계","시군별 세대 및 인구","","967508","966968","965691","964400","963297","962238","960769","958670","957435","955999","954919","954347","953447","952364","950916","949316","948582","947990","946568","945546","944741","943585","942929","942724","942649","942183","941688","941527","940519","939748","938982","940668","941783","941480","940746","940064",
"성남시","남","시군별 세대 및 인구","","479277","478910","478344","477730","477120","476572","475826","474757","474122","473442","472882","472506","471956","471470","470796","470051","469736","469325","468589","468086","467683","467031","466737","466644","466582","466306","466115","466119","465640","465307","465033","465801","466232","466057","465702","465407",
"성남시","여","시군별 세대 및 인구","","488231","488058","487347","486670","486177","485666","484943","483913","483313","482557","482037","481841","481491","480894","480120","479265","478846","478665","477979","477460","477058","476554","476192","476080","476067","475877","475573","475408","474879","474441","473949","474867","475551","475423","475044","474657",
"성남시","계","시군별 세대 및 인구","","16967","16988","17192","17368","17447","17353","17350","17345","17406","17693","17903","17933","17900","17987","17880","18021","18032","17924","17785","17641","17581","17931","17988","17618","17647","17611","17432","17266","16820","16723","16483","16208","16065","15872","15596","15184",
"성남시","남","시군별 세대 및 인구","","","","8573","","","8718","","","8819","","","9141","","","9091","","","9120","","","8882","","","8878","","","8741","","","8405","","","7996","","","7426",
"성남시","여","시군별 세대 및 인구","","","","8619","","","8635","","","8587","","","8792","","","8789","","","8804","","","8699","","","8740","","","8691","","","8318","","","8069","","","7758",
"부천시","합계","시군별 세대 및 인구","명","872900","873544","874014","873940","873481","872952","872584","871347","870978","870175","869109","868106","867194","865624","864282","863189","862526","862118","860726","859564","858634","857304","856638","855685","854802","853339","852965","852747","851896","851500","850264","848197","847197","846069","844662","842788",
"부천시","남","시군별 세대 및 인구","","","","436271","","","435593","","","434469","","","432953","","","430749","","","429371","","","427580","","","425986","","","424415","","","423546","","","421073","","","418680",
"부천시","여","시군별 세대 및 인구","","","","437743","","","437359","","","436509","","","435153","","","433533","","","432747","","","431054","","","429699","","","428550","","","427954","","","426124","","","424108",
"부천시","세대수","시군별 세대 및 인구","세대","336252","337129","337728","337968","338171","338177","338386","338330","338566","338700","338692","338759","338975","339045","339071","339028","339463","339667","339609","339609","339790","339817","339962","340160","340274","340444","340894","341258","341824","342539","342938","343181","343627","343993","","344495",
"부천시","계","시군별 세대 및 인구","","851404","851812","851935","851589","851012","850304","849746","848191","847579","846425","844953","843768","842538","840735","839201","837937","837233","836751","835433","834276","833218","831701","830811","829996","828947","827374","827132","826845","826093","825700","824675","822865","822000","821068","819990","818383",
"부천시","남","시군별 세대 및 인구","","424628","424734","424794","424548","424213","423824","423509","422654","422273","421602","420793","420179","419423","418415","417600","416860","416354","416046","415373","414815","414250","413450","412895","412500","411912","411044","410853","410678","410257","409982","409371","408411","407881","407401","406839","406023",
"부천시","여","시군별 세대 및 인구","","426776","427078","427141","427041","426799","426480","426237","425537","425306","424823","424160","423589","423115","422320","421601","421077","420879","420705","420060","419461","418968","418251","417916","417496","417035","416330","416279","416167","415836","415718","415304","414454","414119","413667","413151","412360",
"부천시","계","시군별 세대 및 인구","","21496","21732","22079","22351","22469","22648","22838","23156","23399","23750","24156","24338","24656","24889","25081","25252","25293","25367","25293","25288","25416","25603","25827","25689","25855","25965","25833","25902","25803","25800","25589","25332","25197","25001","24672","24405",
"부천시","남","시군별 세대 및 인구","","","","11477","","","11769","","","12196","","","12774","","","13149","","","13325","","","13330","","","13486","","","13562","","","13564","","","13192","","","12657",
"부천시","여","시군별 세대 및 인구","","","","10602","","","10879","","","11203","","","11564","","","11932","","","12042","","","12086","","","12203","","","12271","","","12236","","","12005","","","11748",
"화성시","합계","시군별 세대 및 인구","명","733563","744225","752696","759243","763486","767225","771288","776275","780162","786354","792506","798100","804795","810778","815330","821184","826102","830384","835608","839856","843597","848804","852807","855949","859931","863821","868439","872586","874709","876783","879152","882222","885814","888612","891212","892884",
"화성시","남","시군별 세대 및 인구","","","","397271","","","404950","","","411856","","","421539","","","430529","","","438251","","","445284","","","451668","","","458116","","","462707","","","467105","","","470651",
"화성시","여","시군별 세대 및 인구","","","","355425","","","362275","","","368306","","","376561","","","384801","","","392133","","","398313","","","404281","","","410323","","","414076","","","418709","","","422233",
"화성시","세대수","시군별 세대 및 인구","세대","272445","276695","280631","283903","285955","287361","289170","291536","293322","296087","298639","301025","303830","306638","308852","311380","313646","315862","318215","277787","322141","324338","326111","327797","329346","331289","333688","335727","337533","339150","340771","343103","345685","347748","","351924",
"화성시","계","시군별 세대 및 인구","","696587","707124","715626","722220","726498","729939","733861","738491","742053","747721","753259","758722","765107","771099","775958","781507","786183","790446","795186","799312","803252","807983","811778","815396","818760","822470","827603","831888","834378","836662","839493","842864","846850","850050","853106","855248",
"화성시","남","시군별 세대 및 인구","","360319","365586","370095","373610","375963","377740","379722","382119","384000","387012","389977","392871","396222","399326","401902","404675","407102","409306","411797","413982","416120","418590","420550","422470","424061","425993","428761","431049","432499","433894","435377","437083","439243","440954","442631","443841",
"화성시","여","시군별 세대 및 인구","","336268","341538","345531","348610","350535","352199","354139","356372","358053","360709","363282","365851","368885","371773","374056","376832","379081","381140","383389","385330","387132","389393","391228","392926","394699","396477","398842","400839","401879","402768","404116","405781","407607","409096","410475","411407",
"화성시","계","시군별 세대 및 인구","","36976","37101","37070","37023","36988","37286","37427","37784","38109","38633","39247","39378","39688","39679","39372","39677","39919","39938","40422","40544","40345","40821","41029","40553","41171","41351","40836","40698","40331","40121","39659","39358","38964","38562","38106","37636",
"화성시","남","시군별 세대 및 인구","","","","27176","","","27210","","","27856","","","28668","","","28627","","","28945","","","29164","","","29198","","","29355","","","28813","","","27862","","","26810",
"화성시","여","시군별 세대 및 인구","","","","9894","","","10076","","","10253","","","10710","","","10745","","","10993","","","11181","","","11355","","","11481","","","11308","","","11102","","","10826",
"안산시","합계","시군별 세대 및 인구","명","729657","725590","722652","720938","719698","719042","717547","716374","716309","716785","717194","717130","716840","716438","716005","715368","714344","713646","713249","712410","711719","710132","709090","707385","707186","708136","709159","709687","709574","709728","708884","707962","707405","706615","706483","706185",
"안산시","남","시군별 세대 및 인구","","","","374065","","","372455","","","371202","","","371585","","","371024","","","369746","","","368626","","","366333","","","367102","","","367313","","","365930","","","365060",
"안산시","여","시군별 세대 및 인구","","","","348587","","","346587","","","345107","","","345545","","","344981","","","343900","","","343093","","","341052","","","342057","","","342415","","","341475","","","341125",
"안산시","세대수","시군별 세대 및 인구","세대","277909","277056","276182","275740","275504","275478","275318","275186","275449","275918","276292","276662","276949","277237","277389","277252","277134","277298","277787","318215","277810","277426","277306","277331","277629","278507","279738","280318","281172","281932","282436","283043","283537","284087","","286061",
"안산시","계","시군별 세대 및 인구","","675804","671570","668184","666168","664842","664167","662658","661313","660953","660743","660452","660343","659963","659378","658882","657988","657260","656857","656811","655898","654668","652835","651777","650918","650559","651211","652763","653575","654047","654450","654093","653733","653505","653383","654210","654915",
"안산시","남","시군별 세대 및 인구","","346700","344565","342714","341709","341112","340763","340005","339362","339150","338990","338780","338701","338449","338153","337952","337465","337101","336920","336925","336414","335716","334753","334206","333766","333471","333839","334625","335033","335253","335477","335259","335082","334987","334914","335365","335804",
"안산시","여","시군별 세대 및 인구","","329104","327005","325470","324459","323730","323404","322653","321951","321803","321753","321672","321642","321514","321225","320930","320523","320159","319937","319886","319484","318952","318082","317571","317152","317088","317372","318138","318542","318794","318973","318834","318651","318518","318469","318845","319111",
"안산시","계","시군별 세대 및 인구","","53853","54020","54468","54770","54856","54875","54889","55061","55356","56042","56742","56787","56877","57060","57123","57380","57084","56789","56438","56512","57051","57297","57313","56467","56627","56925","56396","56112","55527","55278","54791","54229","53900","53232","52273","51270",
"안산시","남","시군별 세대 및 인구","","","","31351","","","31692","","","32052","","","32884","","","33072","","","32826","","","32910","","","32567","","","32477","","","31836","","","30943","","","29256",
"안산시","여","시군별 세대 및 인구","","","","23117","","","23183","","","23304","","","23903","","","24051","","","23963","","","24141","","","23900","","","23919","","","23442","","","22957","","","22014",
"안양시","합계","시군별 세대 및 인구","명","593621","592185","590963","590332","590684","590201","589422","588491","587809","586759","585532","584239","582959","582116","581086","580745","580559","580097","579382","578642","577949","577224","576573","574464","572799","570516","569341","568352","566994","565171","563603","561798","560131","558950","557966","556570",
"안양시","남","시군별 세대 및 인구","","","","293240","","","292684","","","291429","","","289463","","","287781","","","287240","","","286121","","","284322","","","281840","","","279713","","","277107","","","275175",
"안양시","여","시군별 세대 및 인구","","","","297723","","","297517","","","296380","","","294776","","","293305","","","292857","","","291828","","","290142","","","287501","","","285458","","","283024","","","281395",
"안양시","세대수","시군별 세대 및 인구","세대","223023","222771","222621","222604","222904","222771","222779","222740","222789","222707","222557","222361","222235","222347","222316","222561","222989","223040","223080","223080","223121","223038","223027","222589","222143","221764","221560","221427","221390","221092","220980","220799","220604","220508","","220552",
"안양시","계","시군별 세대 및 인구","","586622","585167","583877","583140","583447","582929","582153","581280","580586","579473","578154","576831","575550","574672","573660","573296","573129","572673","571978","571233","570544","569752","569045","567044","565352","563066","561966","561069","559792","558017","556561","554857","553286","552154","551296","550027",
"안양시","남","시군별 세대 및 인구","","291182","290421","289781","289388","289393","289103","288662","288281","287872","287230","286581","285816","285185","284666","284123","283958","283867","283570","283185","282861","282458","282129","281682","280652","279857","278678","278194","277727","276997","276140","275318","274506","273677","273030","272550","271936",
"안양시","여","시군별 세대 및 인구","","295440","294746","294096","293752","294054","293826","293491","292999","292714","292243","291573","291015","290365","290006","289537","289338","289262","289103","288793","288372","288086","287623","287363","286392","285495","284388","283772","283342","282795","281877","281243","280351","279609","279124","278746","278091",
"안양시","계","시군별 세대 및 인구","","6999","7018","7086","7192","7237","7272","7269","7211","7223","7286","7378","7408","7409","7444","7426","7449","7430","7424","7404","7409","7405","7472","7528","7420","7447","7450","7375","7283","7202","7154","7042","6941","6845","6796","6670","6543",
"안양시","남","시군별 세대 및 인구","","","","3459","","","3581","","","3557","","","3647","","","3658","","","3670","","","3663","","","3670","","","3646","","","3573","","","3430","","","3239",
"안양시","여","시군별 세대 및 인구","","","","3627","","","3691","","","3666","","","3761","","","3768","","","3754","","","3742","","","3750","","","3729","","","3581","","","3415","","","3304",
"평택시","합계","시군별 세대 및 인구","명","504207","505812","507326","508514","509730","511162","512637","513676","514439","516189","517665","518672","519412","521359","522774","524136","525190","525873","527914","529727","531618","533719","535544","537135","539135","541564","543392","544841","546212","547947","549362","551023","552827","555118","557716","560475",
"평택시","남","시군별 세대 및 인구","","","","261873","","","263962","","","265666","","","268012","","","270224","","","272065","","","275188","","","278126","","","281550","","","284271","","","286896","","","291048",
"평택시","여","시군별 세대 및 인구","","","","245453","","","247200","","","248773","","","250660","","","252550","","","253808","","","256430","","","259009","","","261842","","","263676","","","265931","","","269427",
"평택시","세대수","시군별 세대 및 인구","세대","205060","206126","207158","208004","208775","209663","210516","211290","211884","212924","213777","214409","215126","216266","217352","218118","218870","219453","220579","220579","222726","223881","224892","226020","227141","228602","230067","231092","232451","234015","235352","236876","238404","240008","","243838",
"평택시","계","시군별 세대 및 인구","","482737","484169","485644","486740","487798","489081","490410","491338","491982","493570","494716","495642","496324","498126","499620","500787","501736","502292","504221","505817","507621","509529","511229","513027","514876","517087","519124","520649","522111","523881","525378","527166","529140","531655","534343","537307",
"평택시","남","시군별 세대 및 인구","","247285","248070","248877","249525","250104","250812","251445","251941","252264","253115","253788","254336","254764","255766","256654","257342","257863","258217","259229","260106","261089","262086","263039","264012","265037","266206","267360","268331","269109","270183","271051","271992","273077","274461","275968","277617",
"평택시","여","시군별 세대 및 인구","","235452","236099","236767","237215","237694","238269","238965","239397","239718","240455","240928","241306","241560","242360","242966","243445","243873","244075","244992","245711","246532","247443","248190","249015","249839","250881","251764","252318","253002","253698","254327","255174","256063","257194","258375","259690",
"평택시","계","시군별 세대 및 인구","","21470","21643","21682","21774","21932","22081","22227","22338","22457","22619","22949","23030","23088","23233","23154","23349","23454","23581","23693","23910","23997","24190","24315","24108","24259","24477","24268","24192","24101","24066","23984","23857","23687","23463","23373","23168",
"평택시","남","시군별 세대 및 인구","","","","12996","","","13150","","","13402","","","13676","","","13570","","","13848","","","14099","","","14114","","","14190","","","14088","","","13819","","","13431",
"평택시","여","시군별 세대 및 인구","","","","8686","","","8931","","","9055","","","9354","","","9584","","","9733","","","9898","","","9994","","","10078","","","9978","","","9868","","","9737",
"시흥시","합계","시군별 세대 및 인구","명","455149","459499","463066","465374","467228","468733","470090","473180","474769","477741","480691","483327","485950","489720","492555","494818","497013","499078","500577","501985","503350","505964","507385","508379","510257","511403","511966","512859","513548","515449","518035","522798","526624","528734","530863","533305",
"시흥시","남","시군별 세대 및 인구","","","","244909","","","247819","","","251019","","","255608","","","260421","","","263963","","","266097","","","268588","","","270413","","","272237","","","277819","","","280966",
"시흥시","여","시군별 세대 및 인구","","","","218157","","","220914","","","223750","","","227719","","","232134","","","235115","","","237253","","","239791","","","241553","","","243212","","","248805","","","252339",
"시흥시","세대수","시군별 세대 및 인구","세대","169192","171055","172327","173202","174065","174650","175280","176588","177408","178754","179881","181061","182238","183872","185316","186443","187572","188623","189663","189663","191649","192885","193706","194750","195728","196529","197185","197801","198558","199896","201498","204039","206249","207689","","211150",
"시흥시","계","시군별 세대 및 인구","","422946","427169","430328","432427","434273","435555","436789","439685","441141","443828","446251","448687","451182","454800","457610","459601","461815","463836","465515","466962","468274","470759","472162","473682","475396","476481","477425","478464","479368","481430","484164","489077","493005","495391","497925","500895",
"시흥시","남","시군별 세대 및 인구","","221606","223748","225327","226357","227313","228017","228678","230142","230895","232322","233513","234840","236156","237996","239535","240657","241804","242805","243581","244379","245091","246360","247082","247804","248693","249307","249786","250312","250780","251904","253293","255745","257762","258939","260233","261730",
"시흥시","여","시군별 세대 및 인구","","201340","203421","205001","206070","206960","207538","208111","209543","210246","211506","212738","213847","215026","216804","218075","218944","220011","221031","221934","222583","223183","224399","225080","225878","226703","227174","227639","228152","228588","229526","230871","233332","235243","236452","237692","239165",
"시흥시","계","시군별 세대 및 인구","","32203","32330","32738","32947","32955","33178","33301","33495","33628","33913","34440","34640","34768","34920","34945","35217","35198","35242","35062","35023","35076","35205","35223","34697","34861","34922","34541","34395","34180","34019","33871","33721","33619","33343","32938","32410",
"시흥시","남","시군별 세대 및 인구","","","","19582","","","19802","","","20124","","","20768","","","20886","","","21158","","","21006","","","20784","","","20627","","","20333","","","20057","","","19236",
"시흥시","여","시군별 세대 및 인구","","","","13156","","","13376","","","13504","","","13872","","","14059","","","14084","","","14070","","","13913","","","13914","","","13686","","","13562","","","13174",
"김포시","합계","시군별 세대 및 인구","명","411903","413990","417356","419924","422731","425533","429195","432506","434442","437119","440119","443019","445531","447694","448516","449687","451050","452137","453112","453953","454494","455501","456258","457556","458320","460025","463347","465667","467115","468975","471590","478130","483237","486327","488373","492766",
"김포시","남","시군별 세대 및 인구","","","","214728","","","218916","","","223452","","","228031","","","230804","","","232694","","","233826","","","235442","","","238116","","","240593","","","247541","","","251886",
"김포시","여","시군별 세대 및 인구","","","","202628","","","206617","","","210990","","","214988","","","217712","","","219443","","","220668","","","222114","","","225231","","","228382","","","235696","","","240880",
"김포시","세대수","시군별 세대 및 인구","세대","152711","153608","155295","156622","157909","159040","160670","162149","163052","164245","165462","166635","167874","169015","169659","170318","170957","171553","172079","172079","173001","173501","173966","174613","175008","175827","177491","178668","179727","181013","182608","185741","188308","189990","","193234",
"김포시","계","시군별 세대 및 인구","","393466","395510","398838","401385","404115","406682","410333","413576","415330","417658","420365","423170","425563","427776","428754","429752","431096","432167","432964","433777","434344","435213","436006","437221","437789","439502","443071","445425","447038","449039","451842","458505","463735","467084","469340","473970",
"김포시","남","시군별 세대 및 인구","","197489","198533","200195","201468","202819","204119","205949","207570","208450","209612","211004","212410","213624","214769","215270","215786","216422","216996","217423","217759","218050","218504","218919","219552","219805","220617","222353","223443","224224","225141","226602","229922","232501","234117","235230","237507",
"김포시","여","시군별 세대 및 인구","","195977","196977","198643","199917","201296","202563","204384","206006","206880","208046","209361","210760","211939","213007","213484","213966","214674","215171","215541","216018","216294","216709","217087","217669","217984","218885","220718","221982","222814","223898","225240","228583","231234","232967","234110","236463",
"김포시","계","시군별 세대 및 인구","","18437","18480","18518","18539","18616","18851","18862","18930","19112","19461","19754","19849","19968","19918","19762","19935","19954","19970","20148","20176","20150","20288","20252","20335","20531","20523","20276","20242","20077","19936","19748","19625","19502","19243","19033","18796",
"김포시","남","시군별 세대 및 인구","","","","14533","","","14797","","","15002","","","15621","","","15534","","","15698","","","15776","","","15890","","","15763","","","15452","","","15040","","","14379",
"김포시","여","시군별 세대 및 인구","","","","3985","","","4054","","","4110","","","4228","","","4228","","","4272","","","4374","","","4445","","","4513","","","4484","","","4462","","","4417",
"광주시","합계","시군별 세대 및 인구","명","359991","361154","362289","363892","365907","367872","370053","372080","373228","374709","375994","376819","377250","377494","377933","378923","379933","380443","381283","381959","383373","384377","385021","385640","386462","387073","387941","388490","389605","390327","391456","392097","392750","393116","393425","393954",
"광주시","남","시군별 세대 및 인구","","","","188035","","","190699","","","193592","","","195375","","","195928","","","197306","","","198784","","","199766","","","200950","","","202021","","","203032","","","203377",
"광주시","여","시군별 세대 및 인구","","","","174254","","","177173","","","179636","","","181444","","","182005","","","183137","","","184589","","","185874","","","186991","","","188306","","","189718","","","190577",
"광주시","세대수","시군별 세대 및 인구","세대","140902","141532","142265","143127","144169","145115","146014","146995","147697","148745","149519","150055","150524","150992","151480","152203","152824","153251","153889","126957","155164","155863","156379","156884","157357","157865","158469","158741","159719","160437","161473","162235","162979","163408","","164320",
"광주시","계","시군별 세대 및 인구","","347498","348587","349850","351494","353550","355403","357563","359430","360533","361930","363056","363782","364179","364472","365139","366092","367096","367655","368391","368999","370411","371285","371903","372654","373274","373867","374913","375561","376753","377525","378723","379480","380291","380821","381324","382054",
"광주시","남","시군별 세대 및 인구","","178304","178812","179431","180189","181188","182115","183345","184291","184808","185477","186001","186309","186502","186676","187027","187532","188109","188450","188843","189083","189808","190190","190449","190774","191127","191421","191945","192208","192894","193232","193796","194146","194524","194783","194991","195298",
"광주시","여","시군별 세대 및 인구","","169194","169775","170419","171305","172362","173288","174218","175139","175725","176453","177055","177473","177677","177796","178112","178560","178987","179205","179548","179916","180603","181095","181454","181880","182147","182446","182968","183353","183859","184293","184927","185334","185767","186038","186333","186756",
"광주시","계","시군별 세대 및 인구","","12493","12567","12439","12398","12357","12469","12490","12650","12695","12779","12938","13037","13071","13022","12794","12831","12837","12788","12892","12960","12962","13092","13118","12986","13188","13206","13028","12929","12852","12802","12733","12617","12459","12295","12101","11900",
"광주시","남","시군별 세대 및 인구","","","","8604","","","8584","","","8784","","","9066","","","8901","","","8856","","","8976","","","8992","","","9005","","","8789","","","8508","","","8079",
"광주시","여","시군별 세대 및 인구","","","","3835","","","3885","","","3911","","","3971","","","3893","","","3932","","","3986","","","3994","","","4023","","","4013","","","3951","","","3821",
"광명시","합계","시군별 세대 및 인구","명","337649","336587","336720","336901","336835","336751","336466","335653","335328","334502","333781","333114","332701","332051","330946","329727","328624","327629","326832","326028","325289","324094","323217","322494","321845","322041","322026","321449","319979","318275","316504","313893","310878","307579","304697","303068",
"광명시","남","시군별 세대 및 인구","","","","166801","","","166764","","","165969","","","164889","","","163788","","","162078","","","160825","","","159400","","","159038","","","157179","","","153523","","","149511",
"광명시","여","시군별 세대 및 인구","","","","169919","","","169987","","","169359","","","168225","","","167158","","","165551","","","164464","","","163094","","","162988","","","161096","","","157355","","","153557",
"광명시","세대수","시군별 세대 및 인구","세대","127055","126997","127256","127533","127739","127755","127911","127898","128065","128052","128051","128126","128308","128355","128081","127646","127395","127091","126957","153889","126652","126368","126096","126001","125911","126237","126334","126216","125901","125528","125021","124242","123278","122067","","120560",
"광명시","계","시군별 세대 및 인구","","331760","330623","330719","330837","330789","330616","330360","329565","329220","328327","327529","326841","326425","325766","324730","323527","322418","321435","320693","319899","319205","318021","317144","316552","315920","316125","316220","315745","314413","312774","311119","308678","305836","302761","300092","298599",
"광명시","남","시군별 세대 및 인구","","164338","163725","163810","163852","163829","163668","163522","163051","162884","162442","162087","161734","161524","161221","160659","159997","159439","158925","158524","158133","157759","157157","156721","156405","156095","156129","156128","155900","155249","154425","153575","152384","150994","149478","148104","147278",
"광명시","여","시군별 세대 및 인구","","167422","166898","166909","166985","166960","166948","166838","166514","166336","165885","165442","165107","164901","164545","164071","163530","162979","162510","162169","161766","161446","160864","160423","160147","159825","159996","160092","159845","159164","158349","157544","156294","154842","153283","151988","151321",
"광명시","계","시군별 세대 및 인구","","5889","5964","6001","6064","6046","6135","6106","6088","6108","6175","6252","6273","6276","6285","6216","6200","6206","6194","6139","6129","6084","6073","6073","5942","5925","5916","5806","5704","5566","5501","5385","5215","5042","4818","4605","4469",
"광명시","남","시군별 세대 및 인구","","","","2991","","","3096","","","3085","","","3155","","","3129","","","3153","","","3066","","","2995","","","2910","","","2754","","","2529","","","2233",
"광명시","여","시군별 세대 및 인구","","","","3010","","","3039","","","3023","","","3118","","","3087","","","3041","","","3018","","","2947","","","2896","","","2747","","","2513","","","2236",
"군포시","합계","시군별 세대 및 인구","명","287475","286619","286490","286498","286243","286023","285600","284966","284518","284100","284024","283876","283646","283057","282553","282248","281863","281749","281382","281519","281677","282189","282638","282862","283020","282839","282860","282808","282653","282741","282669","282108","281557","281132","280674","280039",
"군포시","남","시군별 세대 및 인구","","","","142547","","","142303","","","141592","","","141238","","","140529","","","140119","","","139985","","","140548","","","140627","","","140485","","","139903","","","138993",
"군포시","여","시군별 세대 및 인구","","","","143943","","","143720","","","142926","","","142638","","","142024","","","141630","","","141692","","","142314","","","142233","","","142256","","","141654","","","141046",
"군포시","세대수","시군별 세대 및 인구","세대","106638","106658","106829","107022","107169","107246","107236","107271","107263","107237","107396","107548","107726","107792","107762","107806","107855","107955","108129","108129","108749","109182","109645","110005","110248","110540","110864","110974","111242","111639","111918","112054","112114","112242","","112476",
"군포시","계","시군별 세대 및 인구","","280679","279812","279683","279634","279354","279141","278757","278187","277748","277293","277105","276916","276645","276058","275586","275207","274793","274686","274364","274495","274667","275129","275546","275852","275989","275857","275960","275954","275902","276039","275995","275508","274985","274620","274309","273791",
"군포시","남","시군별 세대 및 인구","","139395","139005","138914","138890","138753","138618","138441","138162","137977","137729","137645","137536","137402","137076","136824","136598","136404","136378","136174","136165","136269","136439","136666","136878","136990","136998","137040","137034","137001","137037","137053","136823","136530","136329","136130","135834",
"군포시","여","시군별 세대 및 인구","","141284","140807","140769","140744","140601","140523","140316","140025","139771","139564","139460","139380","139243","138982","138762","138609","138389","138308","138190","138330","138398","138690","138880","138974","138999","138859","138920","138920","138901","139002","138942","138685","138455","138291","138179","137957",
"군포시","계","시군별 세대 및 인구","","6796","6807","6807","6864","6889","6882","6843","6779","6770","6807","6919","6960","7001","6999","6967","7041","7070","7063","7018","7024","7010","7060","7092","7010","7031","6982","6900","6854","6751","6702","6674","6600","6572","6512","6365","6248",
"군포시","남","시군별 세대 및 인구","","","","3633","","","3685","","","3615","","","3702","","","3705","","","3741","","","3716","","","3670","","","3587","","","3448","","","3373","","","3159",
"군포시","여","시군별 세대 및 인구","","","","3174","","","3197","","","3155","","","3258","","","3262","","","3322","","","3294","","","3340","","","3313","","","3254","","","3199","","","3089",
"하남시","합계","시군별 세대 및 인구","명","236595","238845","240576","241922","242896","243962","245075","246518","247792","249988","253613","256760","258961","261383","263178","264542","265716","266673","268346","270459","271784","272755","273854","274734","275891","277683","279717","281933","283613","285528","286762","287922","289665","291122","293262","295620",
"하남시","남","시군별 세대 및 인구","","","","121207","","","122875","","","124796","","","129347","","","132660","","","134376","","","136938","","","138309","","","140631","","","143593","","","145672","","","148625",
"하남시","여","시군별 세대 및 인구","","","","119369","","","121087","","","122996","","","127413","","","130518","","","132297","","","134846","","","136425","","","139086","","","141935","","","143993","","","146995",
"하남시","세대수","시군별 세대 및 인구","세대","94601","95551","96370","97171","97951","98469","99033","99880","100737","102213","104047","105832","106984","108271","109238","110018","110716","111295","112159","91879","113972","114571","115113","115792","116659","117734","118883","119929","121096","122338","123194","124208","125491","126569","","128774",
"하남시","계","시군별 세대 및 인구","","234419","236653","238356","239662","240648","241680","242790","244229","245477","247660","251255","254415","256611","259047","260862","262261","263442","264406","266082","268186","269539","270495","271574","272455","273587","275384","277431","279621","281340","283256","284507","285693","287452","288922","291075","293452",
"하남시","남","시군별 세대 및 인구","","117843","118951","119795","120486","120950","121430","122012","122695","123338","124411","126257","127865","129000","130284","131231","131949","132511","133022","133846","134903","135623","136052","136553","136985","137533","138362","139324","140443","141301","142312","142973","143555","144433","145167","146255","147424",
"하남시","여","시군별 세대 및 인구","","116576","117702","118561","119176","119698","120250","120778","121534","122139","123249","124998","126550","127611","128763","129631","130312","130931","131384","132236","133283","133916","134443","135021","135470","136054","137022","138107","139178","140039","140944","141534","142138","143019","143755","144820","146028",
"하남시","계","시군별 세대 및 인구","","2176","2192","2220","2260","2248","2282","2285","2289","2315","2328","2358","2345","2350","2336","2316","2281","2274","2267","2264","2273","2245","2260","2280","2279","2304","2299","2286","2312","2273","2272","2255","2229","2213","2200","2187","2168",
"하남시","남","시군별 세대 및 인구","","","","1412","","","1445","","","1458","","","1482","","","1429","","","1354","","","1315","","","1324","","","1307","","","1281","","","1239","","","1201",
"하남시","여","시군별 세대 및 인구","","","","808","","","837","","","857","","","863","","","887","","","913","","","930","","","955","","","979","","","991","","","974","","","967",
"오산시","합계","시군별 세대 및 인구","명","222574","223378","224098","225524","226784","227598","227922","228034","228277","228435","229084","229520","229627","229803","229936","229693","229728","229753","229603","231328","232676","233953","235304","236075","236443","236666","236796","237222","237408","237746","237956","238385","238800","238892","238951","238956",
"오산시","남","시군별 세대 및 인구","","","","115272","","","117086","","","117582","","","118245","","","118606","","","118733","","","120243","","","121987","","","122399","","","122996","","","123571","","","123599",
"오산시","여","시군별 세대 및 인구","","","","108826","","","110512","","","110695","","","111275","","","111330","","","111020","","","112433","","","114088","","","114397","","","114750","","","115229","","","115357",
"오산시","세대수","시군별 세대 및 인구","세대","85949","86410","86809","87464","88011","88321","88519","88739","88989","89231","89563","89860","90165","90578","90853","90999","91318","91538","91658","91658","93221","93866","94582","95209","95594","95918","96259","96525","96896","97348","97673","98150","98610","98897","","99436",
"오산시","계","시군별 세대 및 인구","","214120","214852","215404","216755","217927","218635","218916","218998","219141","219219","219714","220070","220140","220239","220377","220081","220089","220085","219975","221669","222981","224113","225446","226379","226736","226900","227112","227550","227749","228111","228323","228768","229249","229424","229591","229725",
"오산시","남","시군별 세대 및 인구","","110058","110467","110764","111495","112050","112393","112573","112653","112760","112855","113096","113237","113310","113417","113557","113460","113548","113626","113583","114441","115127","115730","116401","116904","117148","117239","117359","117610","117796","117949","118057","118304","118568","118665","118706","118785",
"오산시","여","시군별 세대 및 인구","","104062","104385","104640","105260","105877","106242","106343","106345","106381","106364","106618","106833","106830","106822","106820","106621","106541","106459","106392","107228","107854","108383","109045","109475","109588","109661","109753","109940","109953","110162","110266","110464","110681","110759","110885","110940",
"오산시","계","시군별 세대 및 인구","","8454","8526","8694","8769","8857","8963","9006","9036","9136","9216","9370","9450","9487","9564","9559","9612","9639","9668","9628","9659","9695","9840","9858","9696","9707","9766","9684","9672","9659","9635","9633","9617","9551","9468","9360","9231",
"오산시","남","시군별 세대 및 인구","","","","4508","","","4693","","","4822","","","5008","","","5049","","","5107","","","5116","","","5083","","","5040","","","5047","","","5003","","","4814",
"오산시","여","시군별 세대 및 인구","","","","4186","","","4270","","","4314","","","4442","","","4510","","","4561","","","4579","","","4613","","","4644","","","4588","","","4548","","","4417",
"이천시","합계","시군별 세대 및 인구","명","219755","219578","219954","220102","220468","221571","222002","222164","222246","222477","221932","221585","221690","221701","221638","222018","222327","222791","223323","223688","223711","223942","223458","223349","223451","223382","223903","224292","224990","225888","226340","226836","226775","226681","226675","225418",
"이천시","남","시군별 세대 및 인구","","","","113131","","","114221","","","114727","","","114415","","","114740","","","115558","","","116207","","","115898","","","116210","","","117604","","","118114","","","117270",
"이천시","여","시군별 세대 및 인구","","","","106823","","","107350","","","107519","","","107170","","","106898","","","107233","","","107504","","","107451","","","107693","","","108284","","","108661","","","108148",
"이천시","세대수","시군별 세대 및 인구","세대","87306","87432","87723","87948","88159","88328","88497","88733","88882","89166","89390","89596","90082","90422","90623","91219","91551","91700","91879","112159","92250","92429","92434","92643","92902","93178","93738","94112","95030","96059","96643","97350","97440","97598","","96799",
"이천시","계","시군별 세대 및 인구","","212981","212807","213068","213248","213592","214584","214869","214954","214939","215077","214500","214206","214488","214548","214451","214814","215075","215499","215914","216227","216225","216332","215804","215834","215885","215869","216404","216844","217547","218465","218954","219537","219531","219513","219525","218388",
"이천시","남","시군별 세대 및 인구","","108803","108757","108942","109076","109345","109954","110142","110247","110276","110402","110042","109878","110186","110303","110280","110565","110735","111013","111273","111533","111556","111621","111215","111244","111284","111272","111554","111858","112430","113002","113271","113658","113655","113667","113668","112947",
"이천시","여","시군별 세대 및 인구","","104178","104050","104126","104172","104247","104630","104727","104707","104663","104675","104458","104328","104302","104245","104171","104249","104340","104486","104641","104694","104669","104711","104589","104590","104601","104597","104850","104986","105117","105463","105683","105879","105876","105846","105857","105441",
"이천시","계","시군별 세대 및 인구","","6774","6771","6886","6854","6876","6987","7133","7210","7307","7400","7432","7379","7202","7153","7187","7204","7252","7292","7409","7461","7486","7610","7654","7515","7566","7513","7499","7448","7443","7423","7386","7299","7244","7168","7150","7030",
"이천시","남","시군별 세대 및 인구","","","","4189","","","4267","","","4451","","","4537","","","4460","","","4545","","","4651","","","4654","","","4656","","","4602","","","4459","","","4323",
"이천시","여","시군별 세대 및 인구","","","","2697","","","2720","","","2856","","","2842","","","2727","","","2747","","","2835","","","2861","","","2843","","","2821","","","2785","","","2707",
"안성시","합계","시군별 세대 및 인구","명","193244","193096","192963","193034","193235","193294","193774","194528","194887","195080","194999","194954","194993","195041","194853","195114","195677","196173","196183","195971","195830","195703","195397","195207","195254","195382","195562","195982","196681","196953","197091","197662","197962","198084","198184","198234",
"안성시","남","시군별 세대 및 인구","","","","100349","","","100647","","","101559","","","101575","","","101576","","","102291","","","102221","","","101865","","","102087","","","103001","","","103557","","","103617",
"안성시","여","시군별 세대 및 인구","","","","92614","","","92647","","","93328","","","93379","","","93277","","","93882","","","93609","","","93342","","","93475","","","93952","","","94405","","","94617",
"안성시","세대수","시군별 세대 및 인구","세대","77511","77688","77751","77856","78003","78108","78254","78785","79082","79339","79578","79805","80090","80331","80493","80626","80806","81140","81207","81207","81298","81358","81415","81599","81761","81999","82511","82794","83178","83543","83780","84257","84772","85138","","85839",
"안성시","계","시군별 세대 및 인구","","182440","182343","182200","182211","182278","182294","182744","183489","183751","183804","183575","183579","183611","183676","183570","183665","184141","184610","184464","184276","184082","183833","183512","183405","183369","183444","183751","184211","185018","185305","185544","186104","186460","186695","186853","187012",
"안성시","남","시군별 세대 및 인구","","93413","93353","93306","93360","93426","93449","93720","94105","94238","94231","94096","94095","94127","94189","94158","94185","94487","94734","94695","94647","94581","94482","94287","94227","94249","94316","94481","94781","95278","95447","95575","95880","96122","96241","96313","96355",
"안성시","여","시군별 세대 및 인구","","89027","88990","88894","88851","88852","88845","89024","89384","89513","89573","89479","89484","89484","89487","89412","89480","89654","89876","89769","89629","89501","89351","89225","89178","89120","89128","89270","89430","89740","89858","89969","90224","90338","90454","90540","90657",
"안성시","계","시군별 세대 및 인구","","10804","10753","10763","10823","10957","11000","11030","11039","11136","11276","11424","11375","11382","11365","11283","11449","11536","11563","11719","11695","11748","11870","11885","11802","11885","11938","11811","11771","11663","11648","11547","11558","11502","11389","11331","11222",
"안성시","남","시군별 세대 및 인구","","","","7043","","","7198","","","7321","","","7480","","","7418","","","7557","","","7640","","","7638","","","7606","","","7554","","","7435","","","7262",
"안성시","여","시군별 세대 및 인구","","","","3720","","","3802","","","3815","","","3895","","","3865","","","4006","","","4108","","","4164","","","4205","","","4094","","","4067","","","3960",
"의왕시","합계","시군별 세대 및 인구","명","156717","156172","155965","155847","155577","155385","155181","154892","154797","154706","154821","155084","155268","155904","157310","158264","159283","159860","160571","160903","161096","161208","161231","162344","163666","165178","165790","165881","165310","164762","164167","163861","164817","165047","165046","164857",
"의왕시","남","시군별 세대 및 인구","","","","77906","","","77641","","","77347","","","77416","","","78515","","","79830","","","80419","","","80944","","","82594","","","82038","","","82034","","","81978",
"의왕시","여","시군별 세대 및 인구","","","","78059","","","77744","","","77450","","","77668","","","78795","","","80030","","","80677","","","81400","","","83196","","","82724","","","82783","","","82879",
"의왕시","세대수","시군별 세대 및 인구","세대","59122","58986","58922","58910","58830","58806","58743","58726","58727","58764","58815","58946","59109","59426","60011","60451","60977","61335","61726","61726","62058","62043","62020","62387","62814","63498","63691","63690","63461","63224","63085","63110","64152","64462","","64690",
"의왕시","계","시군별 세대 및 인구","","155518","154983","154793","154679","154413","154227","154034","153752","153660","153561","153670","153932","154114","154755","156148","157090","158108","158696","159400","159720","159911","160023","160045","161153","162472","163982","164602","164701","164150","163622","163049","162751","163720","163960","163978","163795",
"의왕시","남","시군별 세대 및 인구","","77651","77430","77316","77281","77163","77059","76950","76796","76786","76676","76715","76834","76931","77282","77943","78391","78950","79256","79560","79738","79838","79833","79843","80353","80957","81709","82016","82049","81782","81480","81175","81006","81504","81603","81584","81470",
"의왕시","여","시군별 세대 및 인구","","77867","77553","77477","77398","77250","77168","77084","76956","76874","76885","76955","77098","77183","77473","78205","78699","79158","79440","79840","79982","80073","80190","80202","80800","81515","82273","82586","82652","82368","82142","81874","81745","82216","82357","82394","82325",
"의왕시","계","시군별 세대 및 인구","","1199","1189","1172","1168","1164","1158","1147","1140","1137","1145","1151","1152","1154","1149","1162","1174","1175","1164","1171","1183","1185","1185","1186","1191","1194","1196","1188","1180","1160","1140","1118","1110","1097","1087","1068","1062",
"의왕시","남","시군별 세대 및 인구","","","","590","","","582","","","561","","","582","","","572","","","574","","","581","","","591","","","578","","","558","","","530","","","508",
"의왕시","여","시군별 세대 및 인구","","","","582","","","576","","","576","","","570","","","590","","","590","","","604","","","600","","","610","","","582","","","567","","","554",
"양평군","합계","시군별 세대 및 인구","명","116715","57549","57422","116933","117196","117361","117602","117815","117724","117800","117704","117670","117690","117645","117534","117606","118039","118168","118427","118568","118535","118616","118468","118374","118427","118400","118525","118776","118919","119152","119371","119798","119855","120023","120173","120174",
"양평군","남","시군별 세대 및 인구","","","","28042","","","59011","","","59241","","","59107","","","59018","","","59303","","","59498","","","59333","","","59364","","","59709","","","60129","","","60168",
"양평군","여","시군별 세대 및 인구","","","","29380","","","58350","","","58483","","","58563","","","58516","","","58865","","","59037","","","59041","","","59161","","","59443","","","59726","","","60006",
"양평군","세대수","시군별 세대 및 인구","세대","53315","20829","20768","53597","53710","53802","53966","54045","54094","54195","54315","54422","54547","54630","54686","54850","55145","55239","55372","49915","55514","55638","55712","55782","55874","55981","56085","56282","56479","56647","56817","57020","57160","57307","","57675",
"양평군","계","시군별 세대 및 인구","","115131","57346","57224","115374","115646","115816","116047","116233","116139","116209","116119","116095","116124","116116","116014","116084","116517","116641","116914","117034","117010","117082","116933","116874","116910","116902","117025","117301","117456","117701","117931","118372","118433","118609","118778","118810",
"양평군","남","시군별 세대 및 인구","","57952","28022","27946","58054","58198","58308","58435","58576","58514","58528","58462","58396","58389","58391","58331","58362","58543","58606","58784","58874","58806","58856","58737","58654","58654","58630","58676","58837","58902","59048","59192","59475","59493","59533","59600","59563",
"양평군","여","시군별 세대 및 인구","","57179","29324","29278","57320","57448","57508","57612","57657","57625","57681","57657","57699","57735","57725","57683","57722","57974","58035","58130","58160","58204","58226","58196","58220","58256","58272","58349","58464","58554","58653","58739","58897","58940","59076","59178","59247",
"양평군","계","시군별 세대 및 인구","","1584","203","198","1559","1550","1545","1555","1582","1585","1591","1585","1575","1566","1529","1520","1522","1522","1527","1513","1534","1525","1534","1535","1500","1517","1498","1500","1475","1463","1451","1440","1426","1422","1414","1395","1364",
"양평군","남","시군별 세대 및 인구","","","","96","","","703","","","727","","","711","","","687","","","697","","","692","","","679","","","688","","","661","","","636","","","605",
"양평군","여","시군별 세대 및 인구","","","","102","","","842","","","858","","","864","","","833","","","830","","","833","","","821","","","812","","","790","","","786","","","759",
"여주시","합계","시군별 세대 및 인구","명","115504","115444","115382","115325","115254","115209","115114","115188","115205","115228","115166","115074","114920","114692","114606","114546","114524","114523","114649","114638","114561","114669","114790","114659","114634","114608","114610","114700","114776","114865","114923","114963","115010","115081","115086","115358",
"여주시","남","시군별 세대 및 인구","","","","58817","","","58692","","","58727","","","58719","","","58559","","","58513","","","58596","","","58696","","","58664","","","58818","","","58901","","","59023",
"여주시","여","시군별 세대 및 인구","","","","56565","","","56517","","","56478","","","56355","","","56047","","","56010","","","55965","","","55963","","","55946","","","56047","","","56109","","","56335",
"여주시","세대수","시군별 세대 및 인구","세대","49012","49019","49094","49146","49191","49208","49224","49323","49391","49464","49544","49542","49504","49539","49602","49666","49760","49808","49915","55372","49941","50228","50296","50334","50380","50456","50556","50685","50809","50966","51081","51172","51270","51363","","51748",
"여주시","계","시군별 세대 및 인구","","111981","111924","111915","111898","111815","111743","111639","111639","111600","111620","111603","111525","111368","111205","111178","111143","111121","111093","111150","111095","110994","111060","111150","111083","111017","111008","111083","111198","111234","111341","111400","111438","111512","111605","111636","111897",
"여주시","남","시군별 세대 및 인구","","56633","56655","56642","56634","56577","56526","56459","56467","56453","56475","56500","56479","56491","56418","56403","56391","56383","56362","56400","56369","56334","56391","56453","56427","56388","56378","56415","56492","56545","56582","56600","56651","56689","56710","56728","56838",
"여주시","여","시군별 세대 및 인구","","55348","55269","55273","55264","55238","55217","55180","55172","55147","55145","55103","55046","54877","54787","54775","54752","54738","54731","54750","54726","54660","54669","54697","54656","54629","54630","54668","54706","54689","54759","54800","54787","54823","54895","54908","55059",
"여주시","계","시군별 세대 및 인구","","3523","3520","3467","3427","3439","3466","3475","3549","3605","3608","3563","3549","3552","3487","3428","3403","3403","3430","3499","3543","3567","3609","3640","3576","3617","3600","3527","3502","3542","3524","3523","3525","3498","3476","3450","3461",
"여주시","남","시군별 세대 및 인구","","","","2175","","","2166","","","2274","","","2240","","","2156","","","2151","","","2262","","","2269","","","2249","","","2236","","","2212","","","2185",
"여주시","여","시군별 세대 및 인구","","","","1292","","","1300","","","1331","","","1309","","","1272","","","1279","","","1305","","","1307","","","1278","","","1288","","","1286","","","1276",
"과천시","합계","시군별 세대 및 인구","명","57604","116746","116818","57368","57296","57172","57102","57593","57869","58080","58203","58325","58375","58460","58451","58402","58310","58243","58232","58223","58226","58179","58281","58462","58496","58417","58447","59867","60972","61491","61898","62080","62162","62193","62200","63397",
"과천시","남","시군별 세대 및 인구","","","","58703","","","27909","","","28280","","","28516","","","28614","","","28555","","","28585","","","28720","","","28716","","","30214","","","30522","","","31156",
"과천시","여","시군별 세대 및 인구","","","","58115","","","29263","","","29589","","","29809","","","29837","","","29688","","","29641","","","29742","","","29731","","","31277","","","31640","","","32241",
"과천시","세대수","시군별 세대 및 인구","세대","20860","53409","53504","20739","20727","20688","20675","20887","21011","21093","21142","21205","21266","21291","21286","21315","21308","21299","21335","21335","21387","21372","21398","21467","21457","21442","21434","21957","22385","22631","22766","22830","22864","22915","","23373",
"과천시","계","시군별 세대 및 인구","","57401","115177","115267","57154","57086","56968","56899","57393","57663","57871","58011","58142","58195","58280","58267","58218","58112","58050","58044","58036","58043","57997","58107","58289","58334","58253","58280","59687","60790","61309","61717","61902","61982","62011","62026","63231",
"과천시","남","시군별 세대 및 인구","","28054","57974","58007","27901","27866","27806","27786","28040","28176","28271","28343","28423","28470","28519","28524","28516","28481","28458","28469","28457","28494","28482","28541","28638","28650","28616","28633","29341","29872","30125","30296","30374","30431","30459","30466","31068",
"과천시","여","시군별 세대 및 인구","","29347","57203","57260","29253","29220","29162","29113","29353","29487","29600","29668","29719","29725","29761","29743","29702","29631","29592","29575","29579","29549","29515","29566","29651","29684","29637","29647","30346","30918","31184","31421","31528","31551","31552","31560","32163",
"과천시","계","시군별 세대 및 인구","","203","1569","1551","214","210","204","203","200","206","209","192","183","180","180","184","184","198","193","188","187","183","182","174","173","162","164","167","180","182","182","181","178","180","182","174","166",
"과천시","남","시군별 세대 및 인구","","","","696","","","103","","","104","","","93","","","90","","","97","","","91","","","82","","","83","","","89","","","91","","","88",
"과천시","여","시군별 세대 및 인구","","","","855","","","101","","","102","","","90","","","94","","","96","","","92","","","91","","","84","","","93","","","89","","","78",
"고양시","합계","시군별 세대 및 인구","명","1053875","1053726","1053803","1054152","1054531","1055792","1056104","1055852","1055531","1055760","1056608","1056853","1056674","1056081","1056805","1058154","1059190","1060165","1063706","1068382","1071890","1074521","1076813","1078859","1081166","1083533","1085318","1087200","1088404","1089152","1089370","1088316","1087682","1088288","1089662","1090738",
"고양시","남","시군별 세대 및 인구","","","","517523","","","518440","","","518243","","","519004","","","518748","","","520385","","","525952","","","529220","","","532095","","","533851","","","532921","","","534264",
"고양시","여","시군별 세대 및 인구","","","","536280","","","537352","","","537288","","","537849","","","538057","","","539780","","","545938","","","549639","","","553223","","","555301","","","554761","","","556474",
"고양시","세대수","시군별 세대 및 인구","세대","409202","409713","410427","411178","411792","412850","413484","414515","415051","415905","416954","417607","418085","418575","419505","420749","421975","422864","424902","424902","429931","431475","432730","434028","435238","436688","437946","438900","440420","441878","443049","443670","444420","445663","","448574",
"고양시","계","시군별 세대 및 인구","","1041597","1041430","1041450","1041751","1042127","1043365","1043633","1043406","1043035","1043129","1043958","1044189","1043997","1043426","1044179","1045533","1046552","1047575","1051177","1055873","1059340","1061929","1064218","1066351","1068641","1071002","1072909","1074853","1076179","1076996","1077347","1076406","1075841","1076564","1078047","1079216",
"고양시","남","시군별 세대 및 인구","","511344","511236","511114","511210","511405","511971","512022","511866","511693","511752","512224","512359","512223","511917","512152","512768","513309","513781","515498","517685","519410","520659","521818","522749","523803","524883","525756","526681","527304","527663","527701","527215","526928","527169","527834","528480",
"고양시","여","시군별 세대 및 인구","","530253","530194","530336","530541","530722","531394","531611","531540","531342","531377","531734","531830","531774","531509","532027","532765","533243","533794","535679","538188","539930","541270","542400","543602","544838","546119","547153","548172","548875","549333","549646","549191","548913","549395","550213","550736",
"고양시","계","시군별 세대 및 인구","","12278","12296","12353","12401","12404","12427","12471","12446","12496","12631","12650","12664","12677","12655","12626","12621","12638","12590","12529","12509","12550","12592","12595","12508","12525","12531","12409","12347","12225","12156","12023","11910","11841","11724","11615","11522",
"고양시","남","시군별 세대 및 인구","","","","6409","","","6469","","","6550","","","6645","","","6596","","","6604","","","6542","","","6471","","","6339","","","6188","","","5993","","","5784",
"고양시","여","시군별 세대 및 인구","","","","5944","","","5958","","","5946","","","6019","","","6030","","","5986","","","6008","","","6037","","","6070","","","5968","","","5848","","","5738",
"남양주시","합계","시군별 세대 및 인구","명","673858","676329","678221","680026","681591","683007","684732","687322","688314","688542","688700","688965","689715","691539","692986","694768","696276","698414","701170","704618","706763","708116","708613","709307","710086","711693","712741","713492","713829","714857","716587","717192","717717","719052","720082","720462",
"남양주시","남","시군별 세대 및 인구","","","","339368","","","341759","","","344299","","","344492","","","346419","","","349026","","","353083","","","354283","","","356000","","","356948","","","358142","","","359442",
"남양주시","여","시군별 세대 및 인구","","","","338853","","","341248","","","344015","","","344473","","","346567","","","349388","","","353680","","","355024","","","356741","","","357909","","","359575","","","361020",
"남양주시","세대수","시군별 세대 및 인구","세대","256333","257359","258195","259020","259793","260372","261074","262207","262921","263504","263984","264488","265116","266237","267061","268285","269211","270211","271647","271647","274459","275474","275986","276656","277259","278183","278736","279137","279577","280236","281325","281998","282645","283718","","285334",
"남양주시","계","시군별 세대 및 인구","","667022","669553","671478","673241","674771","676078","677736","680245","681212","681385","681535","681828","682540","684411","685916","687575","689019","691107","693793","697225","699326","700598","701091","701830","702545","704172","705264","706069","706444","707485","709247","709881","710433","711815","712900","713321",
"남양주시","남","시군별 세대 및 인구","","333004","334256","335166","335970","336723","337412","338248","339427","339838","339862","339883","340030","340422","341356","342020","342750","343389","344481","345828","347547","348496","349141","349286","349664","350058","350840","351413","351837","351990","352439","353217","353465","353701","354477","355027","355197",
"남양주시","여","시군별 세대 및 인구","","334018","335297","336312","337271","338048","338666","339488","340818","341374","341523","341652","341798","342118","343055","343896","344825","345630","346626","347965","349678","350830","351457","351805","352166","352487","353332","353851","354232","354454","355046","356030","356416","356732","357338","357873","358124",
"남양주시","계","시군별 세대 및 인구","","6836","6776","6743","6785","6820","6929","6996","7077","7102","7157","7165","7137","7175","7128","7070","7193","7257","7307","7377","7393","7437","7518","7522","7477","7541","7521","7477","7423","7385","7372","7340","7311","7284","7237","7182","7141",
"남양주시","남","시군별 세대 및 인구","","","","4202","","","4347","","","4461","","","4462","","","4399","","","4545","","","4587","","","4619","","","4587","","","4509","","","4441","","","4245",
"남양주시","여","시군별 세대 및 인구","","","","2541","","","2582","","","2641","","","2675","","","2671","","","2762","","","2850","","","2858","","","2890","","","2863","","","2843","","","2896",
"파주시","합계","시군별 세대 및 인구","명","450013","450922","451740","452284","453391","454195","455247","457773","459669","461286","462224","463122","463822","464220","464437","464606","464859","465175","465334","465280","465171","465544","465632","465612","465609","465548","466117","466786","466894","467421","468010","470304","472381","474067","475214","476272",
"파주시","남","시군별 세대 및 인구","","","","231490","","","232817","","","235602","","","237376","","","238019","","","238472","","","238480","","","238868","","","239228","","","239721","","","241885","","","243636",
"파주시","여","시군별 세대 및 인구","","","","220250","","","221378","","","224067","","","225746","","","226418","","","226703","","","226691","","","226744","","","226889","","","227700","","","230496","","","232636",
"파주시","세대수","시군별 세대 및 인구","세대","181111","181829","182379","182723","183207","183614","184247","185486","186483","187439","187953","188407","188884","189382","189702","189952","190191","190474","190682","189224","191092","191502","191594","191668","191780","191890","192385","192716","193249","193902","194725","196157","197536","198536","","200270",
"파주시","계","시군별 세대 및 인구","","439281","440321","441100","441617","442585","443244","444181","446669","448546","450107","451018","451848","452564","453057","453267","453366","453600","453883","453942","453898","453825","454055","454107","454040","453961","453827","454494","455262","455471","456073","456788","459158","461314","463155","464453","465617",
"파주시","남","시군별 세대 및 인구","","223072","223554","223918","224181","224685","224975","225487","226711","227613","228383","228850","229250","229604","229915","229975","230009","230127","230304","230341","230315","230236","230435","230527","230461","230458","230409","230790","231142","231256","231522","231825","232919","233949","234915","235537","236049",
"파주시","여","시군별 세대 및 인구","","216209","216767","217182","217436","217900","218269","218694","219958","220933","221724","222168","222598","222960","223142","223292","223357","223473","223579","223601","223583","223589","223620","223580","223579","223503","223418","223704","224120","224215","224551","224963","226239","227365","228240","228916","229568",
"파주시","계","시군별 세대 및 인구","","10732","10601","10640","10667","10806","10951","11066","11104","11123","11179","11206","11274","11258","11163","11170","11240","11259","11292","11392","11382","11346","11489","11525","11572","11648","11721","11623","11524","11423","11348","11222","11146","11067","10912","10761","10655",
"파주시","남","시군별 세대 및 인구","","","","7572","","","7842","","","7989","","","8126","","","8044","","","8168","","","8244","","","8407","","","8438","","","8199","","","7936","","","7587",
"파주시","여","시군별 세대 및 인구","","","","3068","","","3109","","","3134","","","3148","","","3126","","","3124","","","3102","","","3165","","","3185","","","3149","","","3131","","","3068",
"의정부시","합계","시군별 세대 및 인구","명","446427","446959","447097","447330","447407","447308","447496","448248","449006","449610","450176","451542","452905","453700","454340","454913","455265","455580","455966","456688","456728","456754","456732","456776","456860","458083","458869","459364","459994","460649","460685","461515","463076","464212","465152","466455",
"의정부시","남","시군별 세대 및 인구","","","","220412","","","220539","","","221269","","","222479","","","223688","","","224267","","","224859","","","224842","","","225950","","","226818","","","227971","","","229554",
"의정부시","여","시군별 세대 및 인구","","","","226685","","","226769","","","227737","","","229063","","","230652","","","231313","","","231869","","","231934","","","232919","","","233831","","","235105","","","236901",
"의정부시","세대수","시군별 세대 및 인구","세대","180004","180460","180756","181130","181431","181558","181856","182411","183087","183786","184304","185319","186246","186879","187430","187998","188557","188869","189224","190682","189958","190299","190466","190760","191062","191903","192725","193333","194134","195030","195887","197062","198362","199398","","201630",
"의정부시","계","시군별 세대 및 인구","","442207","442712","442807","442965","442924","442718","442796","443466","444362","445011","445632","447026","448363","449121","449803","450332","450695","450961","451208","451843","451846","451841","451833","451868","451876","452865","453679","454222","454859","455520","455671","456660","458273","459418","460390","461710",
"의정부시","남","시군별 세대 및 인구","","218155","218371","218383","218426","218416","218296","218296","218610","219028","219374","219695","220360","221006","221316","221565","221796","221978","222135","222289","222583","222617","222605","222627","222590","222611","223110","223534","223765","224100","224416","224479","224985","225715","226232","226656","227342",
"의정부시","여","시군별 세대 및 인구","","224052","224341","224424","224539","224508","224422","224500","224856","225334","225637","225937","226666","227357","227805","228238","228536","228717","228826","228919","229260","229229","229236","229206","229278","229265","229755","230145","230457","230759","231104","231192","231675","232558","233186","233734","234368",
"의정부시","계","시군별 세대 및 인구","","4220","4247","4290","4365","4483","4590","4700","4782","4644","4599","4544","4516","4542","4579","4537","4581","4570","4619","4758","4845","4882","4913","4899","4908","4984","5218","5190","5142","5135","5129","5014","4855","4803","4794","4762","4745",
"의정부시","남","시군별 세대 및 인구","","","","2029","","","2243","","","2241","","","2119","","","2123","","","2132","","","2242","","","2252","","","2416","","","2402","","","2256","","","2212",
"의정부시","여","시군별 세대 및 인구","","","","2261","","","2347","","","2403","","","2397","","","2414","","","2487","","","2640","","","2656","","","2774","","","2727","","","2547","","","2533",
"양주시","합계","시군별 세대 및 인구","명","219353","219328","219477","219383","219386","220511","221133","221698","222101","222682","223605","224250","224939","225262","225983","226975","227659","228017","228347","228632","228896","229378","229703","229778","229803","229982","231165","231981","232468","233417","235345","236373","236596","237112","237347","237370",
"양주시","남","시군별 세대 및 인구","","","","113121","","","113581","","","114449","","","115483","","","116254","","","117317","","","117810","","","118375","","","119121","","","120272","","","121738","","","122096",
"양주시","여","시군별 세대 및 인구","","","","106356","","","106930","","","107652","","","108767","","","109729","","","110700","","","111086","","","111403","","","112044","","","113145","","","114858","","","115274",
"양주시","세대수","시군별 세대 및 인구","세대","85340","85557","85792","85917","86043","86506","86815","87216","87540","87948","88630","89088","89535","89836","90222","90723","91173","91484","91722","91722","92237","92589","92959","93026","93156","93333","93895","94279","94689","95348","96334","96907","97235","97666","","97998",
"양주시","계","시군별 세대 및 인구","","212157","212170","212361","212276","212385","213388","213965","214436","214886","215362","216304","216951","217679","218057","218864","219789","220552","220853","221065","221263","221579","221950","222257","222314","222275","222435","223704","224524","225069","226015","227972","229052","229427","230005","230273","230359",
"양주시","남","시군별 세대 및 인구","","107628","107675","107750","107686","107730","108211","108484","108722","108989","109244","109694","109978","110329","110513","110935","111443","111816","111962","112090","112167","112323","112495","112746","112775","112770","112854","113515","113980","114236","114757","115695","116194","116428","116719","116847","116916",
"양주시","여","시군별 세대 및 인구","","104529","104495","104611","104590","104655","105177","105481","105714","105897","106118","106610","106973","107350","107544","107929","108346","108736","108891","108975","109096","109256","109455","109511","109539","109505","109581","110189","110544","110833","111258","112277","112858","112999","113286","113426","113443",
"양주시","계","시군별 세대 및 인구","","7196","7158","7116","7107","7001","7123","7168","7262","7215","7320","7301","7299","7260","7205","7119","7186","7107","7164","7282","7369","7317","7428","7446","7464","7528","7547","7461","7457","7399","7402","7373","7321","7169","7107","7074","7011",
"양주시","남","시군별 세대 및 인구","","","","5371","","","5370","","","5460","","","5505","","","5319","","","5355","","","5487","","","5600","","","5606","","","5515","","","5310","","","5180",
"양주시","여","시군별 세대 및 인구","","","","1745","","","1753","","","1755","","","1794","","","1800","","","1809","","","1830","","","1864","","","1855","","","1887","","","1859","","","1831",
"구리시","합계","시군별 세대 및 인구","명","201771","201653","201386","201473","202239","203091","203250","202986","203537","204616","205023","204977","204614","204112","203695","203388","203101","202769","202394","201656","201042","200720","200739","200755","200510","200430","200611","200529","200350","199925","199662","199339","199422","199213","199014","198856",
"구리시","남","시군별 세대 및 인구","","","","99859","","","100728","","","101028","","","101722","","","101082","","","100652","","","99825","","","99718","","","99625","","","99221","","","98968","","","98631",
"구리시","여","시군별 세대 및 인구","","","","101527","","","102363","","","102509","","","103255","","","102613","","","102117","","","101217","","","101037","","","100986","","","100704","","","100454","","","100225",
"구리시","세대수","시군별 세대 및 인구","세대","77527","77570","77564","77715","78032","78437","78594","78627","78925","79447","79670","79735","79722","79716","79638","79698","79783","79795","79811","79811","79547","79515","79667","79870","79988","80252","80442","80585","80740","80745","80840","80972","81249","81383","","81520",
"구리시","계","시군별 세대 및 인구","","200359","200250","199977","200070","200832","201663","201823","201575","202121","203218","203611","203553","203181","202687","202279","201952","201679","201357","200952","200205","199595","199239","199259","199265","199015","198921","199099","199018","198883","198461","198212","197889","197974","197781","197608","197454",
"구리시","남","시군별 세대 및 인구","","99468","99402","99228","99260","99645","100077","100158","100100","100385","100924","101144","101084","100867","100625","100439","100291","100174","99980","99821","99430","99123","98926","98985","98968","98858","98807","98873","98816","98734","98503","98386","98262","98260","98145","98033","97939",
"구리시","여","시군별 세대 및 인구","","100891","100848","100749","100810","101187","101586","101665","101475","101736","102294","102467","102469","102314","102062","101840","101661","101505","101377","101131","100775","100472","100313","100274","100297","100157","100114","100226","100202","100149","99958","99826","99627","99714","99636","99575","99515",
"구리시","계","시군별 세대 및 인구","","1412","1403","1409","1403","1407","1428","1427","1411","1416","1398","1412","1424","1433","1425","1416","1436","1422","1412","1442","1451","1447","1481","1480","1490","1495","1509","1512","1511","1467","1464","1450","1450","1448","1432","1406","1402",
"구리시","남","시군별 세대 및 인구","","","","631","","","651","","","643","","","638","","","643","","","672","","","702","","","750","","","752","","","718","","","708","","","692",
"구리시","여","시군별 세대 및 인구","","","","778","","","777","","","773","","","786","","","773","","","740","","","745","","","740","","","760","","","746","","","740","","","710",
"포천시","합계","시군별 세대 및 인구","명","165232","164922","164679","164499","164599","164767","164708","164563","164487","164235","163863","163474","163024","162682","162435","162359","162191","162190","162120","162020","161814","161906","161743","161643","161740","161519","161360","161460","161248","161111","160717","160642","160453","160072","159757","159389",
"포천시","남","시군별 세대 및 인구","","","","89706","","","89861","","","89765","","","89286","","","88780","","","88680","","","88482","","","88506","","","88550","","","88445","","","88050","","","87327",
"포천시","여","시군별 세대 및 인구","","","","74973","","","74906","","","74722","","","74188","","","73655","","","73510","","","73332","","","73137","","","72810","","","72666","","","72403","","","72062",
"포천시","세대수","시군별 세대 및 인구","세대","68845","68914","68964","69028","69167","69260","69257","69297","69384","69442","69443","69429","69395","69484","69574","69641","69783","69855","69839","69839","69859","69970","69985","69976","69995","69988","70203","70356","70532","70702","70793","70950","71061","71168","","71315",
"포천시","계","시군별 세대 및 인구","","152735","152581","152427","152310","152298","152226","151983","151890","151767","151495","151105","150676","150192","149981","149838","149603","149390","149368","149121","149042","148800","148751","148583","148379","148137","147770","147853","148144","148081","148015","147809","147854","147803","147578","147477","147274",
"포천시","남","시군별 세대 및 인구","","80295","80233","80175","80120","80128","80090","79964","79925","79874","79712","79517","79310","79079","78981","78961","78843","78731","78691","78556","78501","78418","78446","78342","78231","78129","77972","78050","78234","78242","78233","78166","78194","78196","78066","78012","77905",
"포천시","여","시군별 세대 및 인구","","72440","72348","72252","72190","72170","72136","72019","71965","71893","71783","71588","71366","71113","71000","70877","70760","70659","70677","70565","70541","70382","70305","70241","70148","70008","69798","69803","69910","69839","69782","69643","69660","69607","69512","69465","69369",
"포천시","계","시군별 세대 및 인구","","12497","12341","12252","12189","12301","12541","12725","12673","12720","12740","12758","12798","12832","12701","12597","12756","12801","12822","12999","12978","13014","13155","13160","13264","13603","13749","13507","13316","13167","13096","12908","12788","12650","12494","12280","12115",
"포천시","남","시군별 세대 및 인구","","","","9531","","","9771","","","9891","","","9976","","","9819","","","9989","","","10064","","","10275","","","10500","","","10212","","","9854","","","9422",
"포천시","여","시군별 세대 및 인구","","","","2721","","","2770","","","2829","","","2822","","","2778","","","2833","","","2950","","","2989","","","3007","","","2884","","","2796","","","2693",
"동두천시","합계","시군별 세대 및 인구","명","100313","100164","100109","100176","100249","100209","100106","100035","99935","99802","99709","99566","99345","99149","98881","98767","98611","98632","98504","98363","98265","98326","98155","98245","98234","98120","97870","97795","97665","97691","97510","97443","97342","97315","97580","97687",
"동두천시","남","시군별 세대 및 인구","","","","50138","","","50300","","","50169","","","49970","","","49656","","","49503","","","49287","","","49337","","","49195","","","49037","","","48874","","","49002",
"동두천시","여","시군별 세대 및 인구","","","","49971","","","49909","","","49766","","","49596","","","49225","","","49129","","","48978","","","48908","","","48675","","","48654","","","48468","","","48685",
"동두천시","세대수","시군별 세대 및 인구","세대","42453","42456","42509","42568","42682","42685","42738","42764","42805","42862","42906","42919","42904","42885","42857","42849","42833","42929","42935","42935","42938","43002","42971","42999","43047","43032","43010","43024","43122","43291","43315","43398","43451","43498","","43874",
"동두천시","계","시군별 세대 및 인구","","97039","96884","96870","96921","96955","96857","96758","96645","96555","96429","96347","96226","95999","95795","95517","95375","95233","95250","95151","95010","94912","94941","94779","94768","94719","94452","94231","94191","94097","94143","93985","93968","93901","93915","94199","94353",
"동두천시","남","시군별 세대 및 인구","","48334","48254","48243","48276","48323","48299","48268","48212","48161","48089","48031","47988","47887","47822","47658","47567","47492","47512","47459","47399","47332","47335","47278","47308","47276","47156","47048","47015","46946","46951","46904","46912","46863","46846","46959","47038",
"동두천시","여","시군별 세대 및 인구","","48705","48630","48627","48645","48632","48558","48490","48433","48394","48340","48316","48238","48112","47973","47859","47808","47741","47738","47692","47611","47580","47606","47501","47460","47443","47296","47183","47176","47151","47192","47081","47056","47038","47069","47240","47315",
"동두천시","계","시군별 세대 및 인구","","3274","3280","3239","3255","3294","3352","3348","3390","3380","3373","3362","3340","3346","3354","3364","3392","3378","3382","3353","3353","3353","3385","3376","3477","3515","3668","3639","3604","3568","3548","3525","3475","3441","3400","3381","3334",
"동두천시","남","시군별 세대 및 인구","","","","1895","","","2001","","","2008","","","1982","","","1998","","","1991","","","1955","","","2029","","","2147","","","2086","","","2011","","","1964",
"동두천시","여","시군별 세대 및 인구","","","","1344","","","1351","","","1372","","","1358","","","1366","","","1391","","","1398","","","1448","","","1492","","","1462","","","1430","","","1370",
"가평군","합계","시군별 세대 및 인구","명","63853","63744","63860","63888","64065","64122","64155","64194","64222","64218","64091","63936","63968","63825","63817","63797","64054","64007","63923","63879","63826","63796","63580","63462","63349","63259","63322","63450","63617","63711","63670","63633","63580","63498","63512","63380",
"가평군","남","시군별 세대 및 인구","","","","32610","","","32758","","","32802","","","32716","","","32709","","","32748","","","32645","","","32493","","","32443","","","32691","","","32636","","","32574",
"가평군","여","시군별 세대 및 인구","","","","31250","","","31364","","","31420","","","31220","","","31108","","","31259","","","31181","","","30969","","","30879","","","31020","","","30944","","","30806",
"가평군","세대수","시군별 세대 및 인구","세대","29820","29827","29917","29948","30031","30084","30177","30219","30253","30278","30305","30359","30450","30515","30539","30556","30662","30701","30697","30697","30703","30735","30711","30768","30779","30805","30881","30951","31118","31295","31336","31380","31396","31388","","31533",
"가평군","계","시군별 세대 및 인구","","62814","62715","62787","62818","63006","63076","63115","63155","63160","63157","63039","62918","62937","62814","62780","62740","62986","62948","62856","62826","62743","62710","62502","62415","62303","62224","62262","62397","62566","62662","62632","62605","62551","62476","62495","62377",
"가평군","남","시군별 세대 및 인구","","32210","32151","32168","32240","32272","32314","32338","32360","32354","32373","32339","32288","32351","32263","32257","32255","32297","32276","32216","32200","32182","32147","32062","32042","31986","31976","31990","32067","32175","32242","32247","32228","32205","32168","32192","32156",
"가평군","여","시군별 세대 및 인구","","30604","30564","30619","30578","30734","30762","30777","30795","30806","30784","30700","30630","30586","30551","30523","30485","30689","30672","30640","30626","30561","30563","30440","30373","30317","30248","30272","30330","30391","30420","30385","30377","30346","30308","30303","30221",
"가평군","계","시군별 세대 및 인구","","1039","1029","1073","1070","1059","1046","1040","1039","1062","1061","1052","1018","1031","1011","1037","1057","1068","1059","1067","1053","1083","1086","1078","1047","1046","1035","1060","1053","1051","1049","1038","1028","1029","1022","1017","1003",
"가평군","남","시군별 세대 및 인구","","","","442","","","444","","","448","","","428","","","452","","","472","","","463","","","451","","","453","","","449","","","431","","","418",
"가평군","여","시군별 세대 및 인구","","","","631","","","602","","","614","","","590","","","585","","","587","","","620","","","596","","","607","","","600","","","598","","","585",
"연천군","합계","시군별 세대 및 인구","명","46262","46101","46042","45972","45924","45949","45834","45815","45749","45691","45702","45606","45509","45291","45202","45156","45103","45035","45028","45018","44957","44915","44956","44839","44766","44650","44587","44660","44709","44641","44577","44535","44568","44521","44464","44433",
"연천군","남","시군별 세대 및 인구","","","","24312","","","24273","","","24124","","","24066","","","23865","","","23784","","","23752","","","23709","","","23624","","","23612","","","23543","","","23455",
"연천군","여","시군별 세대 및 인구","","","","21730","","","21676","","","21625","","","21540","","","21337","","","21251","","","21205","","","21130","","","20963","","","21029","","","21025","","","20978",
"연천군","세대수","시군별 세대 및 인구","세대","21544","21524","21505","21503","21500","21547","21518","21539","21508","21523","21566","21526","21537","21529","21529","21510","21527","21508","21533","21533","21557","21595","21605","21630","21628","21633","21653","21709","21793","21793","21823","21848","21905","21949","","22028",
"연천군","계","시군별 세대 및 인구","","45283","45128","45082","45018","44958","44984","44880","44844","44777","44732","44729","44633","44542","44337","44253","44187","44116","44023","44008","43994","43933","43881","43918","43824","43741","43614","43552","43618","43689","43618","43566","43542","43590","43574","43531","43516",
"연천군","남","시군별 세대 및 인구","","23722","23641","23614","23572","23538","23573","23482","23465","23417","23387","23409","23364","23322","23233","23177","23128","23092","23043","23036","23047","22998","22980","23003","22962","22948","22882","22858","22882","22930","22851","22834","22813","22827","22820","22801","22799",
"연천군","여","시군별 세대 및 인구","","21561","21487","21468","21446","21420","21411","21398","21379","21360","21345","21320","21269","21220","21104","21076","21059","21024","20980","20972","20947","20935","20901","20915","20862","20793","20732","20694","20736","20759","20767","20732","20729","20763","20754","20730","20717",
"연천군","계","시군별 세대 및 인구","","979","973","960","954","966","965","954","971","972","959","973","973","967","954","949","969","987","1012","1020","1024","1024","1034","1038","1015","1025","1036","1035","1042","1020","1023","1011","993","978","947","933","917",
"연천군","남","시군별 세대 및 인구","","","","698","","","700","","","707","","","702","","","688","","","741","","","754","","","747","","","766","","","761","","","716","","","656",
"연천군","여","시군별 세대 및 인구","","","","262","","","265","","","265","","","271","","","261","","","271","","","270","","","268","","","269","","","262","","","262","","","261",
