,세대수,남,여,외국인,세대수,남,여,외국인,세대수,남,여,외국인,세대수,남,여,외국인,세대수,남,여,외국인,세대수,남,여,외국인,세대수,남,여,외국인,세대수,남,여,외국인,세대수,남,여,외국인,세대수,남,여,외국인,세대수,남,여,외국인,세대수,남,여,외국인,세대수,남,여,외국인,세대수,남,여,외국인,세대수,남,여,외국인,세대수,남,여,외국인,세대수,남,여,외국인,세대수,남,여,외국인,세대수,남,여,외국인,세대수,남,여,외국인,세대수,남,여,외국인,세대수,남,여,외국인,세대수,남,여,외국인,세대수,남,여,외국인,세대수,남,여,외국인,세대수,남,여,외국인,세대수,남,여,외국인,세대수,남,여,외국인,세대수,남,여,외국인,세대수,남,여,외국인,세대수,남,여,외국인,세대수,남,여,외국인,세대수,남,여,외국인,세대수,남,여,외국인,세대수,남,여,외국인,세대수,남,여,외국인
수원시,484113 ,605800 ,596915 ,37984 ,485023 ,605273 ,596633 ,38204 ,486490 ,605416 ,596688 ,38838 ,487028 ,605162 ,596617 ,39379 ,487890 ,605443 ,596806 ,39659 ,488613 ,605835 ,597165 ,39645 ,489354 ,605939 ,597346 ,39543 ,490447 ,605938 ,597151 ,39549 ,491435 ,606020 ,596938 ,39775 ,492164 ,605743 ,596732 ,40512 ,492576 ,605455 ,596655 ,40931 ,492939 ,604918 ,596248 ,41046 ,493436 ,604383 ,595655 ,41273 ,494237 ,604076 ,595419 ,41347 ,495670 ,604349 ,595250 ,41270 ,495905 ,603839 ,594622 ,41526 ,496426 ,603426 ,594222 ,41420 ,496602 ,603047 ,594106 ,41223 ,496677 ,602650 ,593673 ,40895 ,496677 ,601973 ,593345 ,40527 ,497746 ,602477 ,593597 ,40756 ,497888 ,601900 ,593304 ,41557 ,498302 ,601697 ,593137 ,41495 ,498836 ,601410 ,593055 ,40557 ,499238 ,601097 ,592797 ,40818 ,500289 ,600958 ,592522 ,40828 ,500681 ,600550 ,592212 ,40344 ,501215 ,600616 ,592006 ,40003 ,502146 ,600154 ,591864 ,39183 ,503104 ,599868 ,591674 ,38960 ,503913 ,599719 ,591525 ,38536 ,504528 ,599101 ,590973 ,38023 ,505292 ,598549 ,590377 ,37790 ,505484 ,597863 ,589775 ,37288 ,NaN,597612 ,589541 ,36549 ,506950 ,597076 ,589002 ,35835 
용인시,372998 ,499989 ,506245 ,16918 ,374166 ,500628 ,507136 ,16868 ,375064 ,501088 ,507628 ,17067 ,375809 ,501515 ,508308 ,17344 ,376535 ,502209 ,508969 ,17464 ,377137 ,503099 ,509476 ,17413 ,379247 ,505918 ,511755 ,17385 ,381814 ,508507 ,514146 ,17331 ,384280 ,510588 ,516441 ,17825 ,386759 ,512325 ,518410 ,18367 ,388384 ,512918 ,519562 ,18529 ,390137 ,514127 ,520999 ,18396 ,391468 ,515145 ,521897 ,18327 ,392837 ,515741 ,522662 ,18164 ,393857 ,516135 ,523226 ,18395 ,395331 ,517714 ,524515 ,18581 ,397197 ,519803 ,526263 ,18617 ,398698 ,521287 ,527545 ,18532 ,400454 ,523068 ,529280 ,18531 ,400454 ,524485 ,530504 ,18452 ,403083 ,524635 ,530881 ,19015 ,404484 ,525254 ,531832 ,19312 ,405560 ,525224 ,532671 ,19344 ,406880 ,525946 ,533663 ,18982 ,408194 ,526823 ,534617 ,19186 ,409892 ,527799 ,535851 ,19087 ,411186 ,528764 ,536849 ,18931 ,412683 ,530251 ,538268 ,18632 ,414132 ,531727 ,539260 ,17992 ,415491 ,532935 ,540180 ,17910 ,416896 ,533772 ,541196 ,17662 ,417777 ,534140 ,541519 ,17431 ,418471 ,534153 ,541544 ,17392 ,418896 ,533921 ,541569 ,17270 ,NaN,533488 ,541302 ,17066 ,420519 ,532847 ,541329 ,16731 
성남시,396946 ,479277 ,488231 ,16967 ,397312 ,478910 ,488058 ,16988 ,397368 ,478344 ,487347 ,17192 ,397259 ,477730 ,486670 ,17368 ,397281 ,477120 ,486177 ,17447 ,397234 ,476572 ,485666 ,17353 ,397121 ,475826 ,484943 ,17350 ,397037 ,474757 ,483913 ,17345 ,397226 ,474122 ,483313 ,17406 ,397624 ,473442 ,482557 ,17693 ,397922 ,472882 ,482037 ,17903 ,398412 ,472506 ,481841 ,17933 ,398563 ,471956 ,481491 ,17900 ,398803 ,471470 ,480894 ,17987 ,398699 ,470796 ,480120 ,17880 ,398627 ,470051 ,479265 ,18021 ,399050 ,469736 ,478846 ,18032 ,399317 ,469325 ,478665 ,17924 ,399243 ,468589 ,477979 ,17785 ,399243 ,468086 ,477460 ,17641 ,399821 ,467683 ,477058 ,17581 ,399868 ,467031 ,476554 ,17931 ,400001 ,466737 ,476192 ,17988 ,400460 ,466644 ,476080 ,17618 ,400854 ,466582 ,476067 ,17647 ,401389 ,466306 ,475877 ,17611 ,401748 ,466115 ,475573 ,17432 ,402179 ,466119 ,475408 ,17266 ,402687 ,465640 ,474879 ,16820 ,403266 ,465307 ,474441 ,16723 ,403840 ,465033 ,473949 ,16483 ,405554 ,465801 ,474867 ,16208 ,406802 ,466232 ,475551 ,16065 ,407242 ,466057 ,475423 ,15872 ,NaN,465702 ,475044 ,15596 ,407912 ,465407 ,474657 ,15184 
부천시,336252 ,424628 ,426776 ,21496 ,337129 ,424734 ,427078 ,21732 ,337728 ,424794 ,427141 ,22079 ,337968 ,424548 ,427041 ,22351 ,338171 ,424213 ,426799 ,22469 ,338177 ,423824 ,426480 ,22648 ,338386 ,423509 ,426237 ,22838 ,338330 ,422654 ,425537 ,23156 ,338566 ,422273 ,425306 ,23399 ,338700 ,421602 ,424823 ,23750 ,338692 ,420793 ,424160 ,24156 ,338759 ,420179 ,423589 ,24338 ,338975 ,419423 ,423115 ,24656 ,339045 ,418415 ,422320 ,24889 ,339071 ,417600 ,421601 ,25081 ,339028 ,416860 ,421077 ,25252 ,339463 ,416354 ,420879 ,25293 ,339667 ,416046 ,420705 ,25367 ,339609 ,415373 ,420060 ,25293 ,339609 ,414815 ,419461 ,25288 ,339790 ,414250 ,418968 ,25416 ,339817 ,413450 ,418251 ,25603 ,339962 ,412895 ,417916 ,25827 ,340160 ,412500 ,417496 ,25689 ,340274 ,411912 ,417035 ,25855 ,340444 ,411044 ,416330 ,25965 ,340894 ,410853 ,416279 ,25833 ,341258 ,410678 ,416167 ,25902 ,341824 ,410257 ,415836 ,25803 ,342539 ,409982 ,415718 ,25800 ,342938 ,409371 ,415304 ,25589 ,343181 ,408411 ,414454 ,25332 ,343627 ,407881 ,414119 ,25197 ,343993 ,407401 ,413667 ,25001 ,NaN,406839 ,413151 ,24672 ,344495 ,406023 ,412360 ,24405 
화성시,272445 ,360319 ,336268 ,36976 ,276695 ,365586 ,341538 ,37101 ,280631 ,370095 ,345531 ,37070 ,283903 ,373610 ,348610 ,37023 ,285955 ,375963 ,350535 ,36988 ,287361 ,377740 ,352199 ,37286 ,289170 ,379722 ,354139 ,37427 ,291536 ,382119 ,356372 ,37784 ,293322 ,384000 ,358053 ,38109 ,296087 ,387012 ,360709 ,38633 ,298639 ,389977 ,363282 ,39247 ,301025 ,392871 ,365851 ,39378 ,303830 ,396222 ,368885 ,39688 ,306638 ,399326 ,371773 ,39679 ,308852 ,401902 ,374056 ,39372 ,311380 ,404675 ,376832 ,39677 ,313646 ,407102 ,379081 ,39919 ,315862 ,409306 ,381140 ,39938 ,318215 ,411797 ,383389 ,40422 ,277787 ,413982 ,385330 ,40544 ,322141 ,416120 ,387132 ,40345 ,324338 ,418590 ,389393 ,40821 ,326111 ,420550 ,391228 ,41029 ,327797 ,422470 ,392926 ,40553 ,329346 ,424061 ,394699 ,41171 ,331289 ,425993 ,396477 ,41351 ,333688 ,428761 ,398842 ,40836 ,335727 ,431049 ,400839 ,40698 ,337533 ,432499 ,401879 ,40331 ,339150 ,433894 ,402768 ,40121 ,340771 ,435377 ,404116 ,39659 ,343103 ,437083 ,405781 ,39358 ,345685 ,439243 ,407607 ,38964 ,347748 ,440954 ,409096 ,38562 ,NaN,442631 ,410475 ,38106 ,351924 ,443841 ,411407 ,37636 
안산시,277909 ,346700 ,329104 ,53853 ,277056 ,344565 ,327005 ,54020 ,276182 ,342714 ,325470 ,54468 ,275740 ,341709 ,324459 ,54770 ,275504 ,341112 ,323730 ,54856 ,275478 ,340763 ,323404 ,54875 ,275318 ,340005 ,322653 ,54889 ,275186 ,339362 ,321951 ,55061 ,275449 ,339150 ,321803 ,55356 ,275918 ,338990 ,321753 ,56042 ,276292 ,338780 ,321672 ,56742 ,276662 ,338701 ,321642 ,56787 ,276949 ,338449 ,321514 ,56877 ,277237 ,338153 ,321225 ,57060 ,277389 ,337952 ,320930 ,57123 ,277252 ,337465 ,320523 ,57380 ,277134 ,337101 ,320159 ,57084 ,277298 ,336920 ,319937 ,56789 ,277787 ,336925 ,319886 ,56438 ,318215 ,336414 ,319484 ,56512 ,277810 ,335716 ,318952 ,57051 ,277426 ,334753 ,318082 ,57297 ,277306 ,334206 ,317571 ,57313 ,277331 ,333766 ,317152 ,56467 ,277629 ,333471 ,317088 ,56627 ,278507 ,333839 ,317372 ,56925 ,279738 ,334625 ,318138 ,56396 ,280318 ,335033 ,318542 ,56112 ,281172 ,335253 ,318794 ,55527 ,281932 ,335477 ,318973 ,55278 ,282436 ,335259 ,318834 ,54791 ,283043 ,335082 ,318651 ,54229 ,283537 ,334987 ,318518 ,53900 ,284087 ,334914 ,318469 ,53232 ,NaN,335365 ,318845 ,52273 ,286061 ,335804 ,319111 ,51270 
안양시,223023 ,291182 ,295440 ,6999 ,222771 ,290421 ,294746 ,7018 ,222621 ,289781 ,294096 ,7086 ,222604 ,289388 ,293752 ,7192 ,222904 ,289393 ,294054 ,7237 ,222771 ,289103 ,293826 ,7272 ,222779 ,288662 ,293491 ,7269 ,222740 ,288281 ,292999 ,7211 ,222789 ,287872 ,292714 ,7223 ,222707 ,287230 ,292243 ,7286 ,222557 ,286581 ,291573 ,7378 ,222361 ,285816 ,291015 ,7408 ,222235 ,285185 ,290365 ,7409 ,222347 ,284666 ,290006 ,7444 ,222316 ,284123 ,289537 ,7426 ,222561 ,283958 ,289338 ,7449 ,222989 ,283867 ,289262 ,7430 ,223040 ,283570 ,289103 ,7424 ,223080 ,283185 ,288793 ,7404 ,223080 ,282861 ,288372 ,7409 ,223121 ,282458 ,288086 ,7405 ,223038 ,282129 ,287623 ,7472 ,223027 ,281682 ,287363 ,7528 ,222589 ,280652 ,286392 ,7420 ,222143 ,279857 ,285495 ,7447 ,221764 ,278678 ,284388 ,7450 ,221560 ,278194 ,283772 ,7375 ,221427 ,277727 ,283342 ,7283 ,221390 ,276997 ,282795 ,7202 ,221092 ,276140 ,281877 ,7154 ,220980 ,275318 ,281243 ,7042 ,220799 ,274506 ,280351 ,6941 ,220604 ,273677 ,279609 ,6845 ,220508 ,273030 ,279124 ,6796 ,NaN,272550 ,278746 ,6670 ,220552 ,271936 ,278091 ,6543 
평택시,205060 ,247285 ,235452 ,21470 ,206126 ,248070 ,236099 ,21643 ,207158 ,248877 ,236767 ,21682 ,208004 ,249525 ,237215 ,21774 ,208775 ,250104 ,237694 ,21932 ,209663 ,250812 ,238269 ,22081 ,210516 ,251445 ,238965 ,22227 ,211290 ,251941 ,239397 ,22338 ,211884 ,252264 ,239718 ,22457 ,212924 ,253115 ,240455 ,22619 ,213777 ,253788 ,240928 ,22949 ,214409 ,254336 ,241306 ,23030 ,215126 ,254764 ,241560 ,23088 ,216266 ,255766 ,242360 ,23233 ,217352 ,256654 ,242966 ,23154 ,218118 ,257342 ,243445 ,23349 ,218870 ,257863 ,243873 ,23454 ,219453 ,258217 ,244075 ,23581 ,220579 ,259229 ,244992 ,23693 ,220579 ,260106 ,245711 ,23910 ,222726 ,261089 ,246532 ,23997 ,223881 ,262086 ,247443 ,24190 ,224892 ,263039 ,248190 ,24315 ,226020 ,264012 ,249015 ,24108 ,227141 ,265037 ,249839 ,24259 ,228602 ,266206 ,250881 ,24477 ,230067 ,267360 ,251764 ,24268 ,231092 ,268331 ,252318 ,24192 ,232451 ,269109 ,253002 ,24101 ,234015 ,270183 ,253698 ,24066 ,235352 ,271051 ,254327 ,23984 ,236876 ,271992 ,255174 ,23857 ,238404 ,273077 ,256063 ,23687 ,240008 ,274461 ,257194 ,23463 ,NaN,275968 ,258375 ,23373 ,243838 ,277617 ,259690 ,23168 
시흥시,169192 ,221606 ,201340 ,32203 ,171055 ,223748 ,203421 ,32330 ,172327 ,225327 ,205001 ,32738 ,173202 ,226357 ,206070 ,32947 ,174065 ,227313 ,206960 ,32955 ,174650 ,228017 ,207538 ,33178 ,175280 ,228678 ,208111 ,33301 ,176588 ,230142 ,209543 ,33495 ,177408 ,230895 ,210246 ,33628 ,178754 ,232322 ,211506 ,33913 ,179881 ,233513 ,212738 ,34440 ,181061 ,234840 ,213847 ,34640 ,182238 ,236156 ,215026 ,34768 ,183872 ,237996 ,216804 ,34920 ,185316 ,239535 ,218075 ,34945 ,186443 ,240657 ,218944 ,35217 ,187572 ,241804 ,220011 ,35198 ,188623 ,242805 ,221031 ,35242 ,189663 ,243581 ,221934 ,35062 ,189663 ,244379 ,222583 ,35023 ,191649 ,245091 ,223183 ,35076 ,192885 ,246360 ,224399 ,35205 ,193706 ,247082 ,225080 ,35223 ,194750 ,247804 ,225878 ,34697 ,195728 ,248693 ,226703 ,34861 ,196529 ,249307 ,227174 ,34922 ,197185 ,249786 ,227639 ,34541 ,197801 ,250312 ,228152 ,34395 ,198558 ,250780 ,228588 ,34180 ,199896 ,251904 ,229526 ,34019 ,201498 ,253293 ,230871 ,33871 ,204039 ,255745 ,233332 ,33721 ,206249 ,257762 ,235243 ,33619 ,207689 ,258939 ,236452 ,33343 ,NaN,260233 ,237692 ,32938 ,211150 ,261730 ,239165 ,32410 
김포시,152711 ,197489 ,195977 ,18437 ,153608 ,198533 ,196977 ,18480 ,155295 ,200195 ,198643 ,18518 ,156622 ,201468 ,199917 ,18539 ,157909 ,202819 ,201296 ,18616 ,159040 ,204119 ,202563 ,18851 ,160670 ,205949 ,204384 ,18862 ,162149 ,207570 ,206006 ,18930 ,163052 ,208450 ,206880 ,19112 ,164245 ,209612 ,208046 ,19461 ,165462 ,211004 ,209361 ,19754 ,166635 ,212410 ,210760 ,19849 ,167874 ,213624 ,211939 ,19968 ,169015 ,214769 ,213007 ,19918 ,169659 ,215270 ,213484 ,19762 ,170318 ,215786 ,213966 ,19935 ,170957 ,216422 ,214674 ,19954 ,171553 ,216996 ,215171 ,19970 ,172079 ,217423 ,215541 ,20148 ,172079 ,217759 ,216018 ,20176 ,173001 ,218050 ,216294 ,20150 ,173501 ,218504 ,216709 ,20288 ,173966 ,218919 ,217087 ,20252 ,174613 ,219552 ,217669 ,20335 ,175008 ,219805 ,217984 ,20531 ,175827 ,220617 ,218885 ,20523 ,177491 ,222353 ,220718 ,20276 ,178668 ,223443 ,221982 ,20242 ,179727 ,224224 ,222814 ,20077 ,181013 ,225141 ,223898 ,19936 ,182608 ,226602 ,225240 ,19748 ,185741 ,229922 ,228583 ,19625 ,188308 ,232501 ,231234 ,19502 ,189990 ,234117 ,232967 ,19243 ,NaN,235230 ,234110 ,19033 ,193234 ,237507 ,236463 ,18796 
광주시,140902 ,178304 ,169194 ,12493 ,141532 ,178812 ,169775 ,12567 ,142265 ,179431 ,170419 ,12439 ,143127 ,180189 ,171305 ,12398 ,144169 ,181188 ,172362 ,12357 ,145115 ,182115 ,173288 ,12469 ,146014 ,183345 ,174218 ,12490 ,146995 ,184291 ,175139 ,12650 ,147697 ,184808 ,175725 ,12695 ,148745 ,185477 ,176453 ,12779 ,149519 ,186001 ,177055 ,12938 ,150055 ,186309 ,177473 ,13037 ,150524 ,186502 ,177677 ,13071 ,150992 ,186676 ,177796 ,13022 ,151480 ,187027 ,178112 ,12794 ,152203 ,187532 ,178560 ,12831 ,152824 ,188109 ,178987 ,12837 ,153251 ,188450 ,179205 ,12788 ,153889 ,188843 ,179548 ,12892 ,126957 ,189083 ,179916 ,12960 ,155164 ,189808 ,180603 ,12962 ,155863 ,190190 ,181095 ,13092 ,156379 ,190449 ,181454 ,13118 ,156884 ,190774 ,181880 ,12986 ,157357 ,191127 ,182147 ,13188 ,157865 ,191421 ,182446 ,13206 ,158469 ,191945 ,182968 ,13028 ,158741 ,192208 ,183353 ,12929 ,159719 ,192894 ,183859 ,12852 ,160437 ,193232 ,184293 ,12802 ,161473 ,193796 ,184927 ,12733 ,162235 ,194146 ,185334 ,12617 ,162979 ,194524 ,185767 ,12459 ,163408 ,194783 ,186038 ,12295 ,NaN,194991 ,186333 ,12101 ,164320 ,195298 ,186756 ,11900 
광명시,127055 ,164338 ,167422 ,5889 ,126997 ,163725 ,166898 ,5964 ,127256 ,163810 ,166909 ,6001 ,127533 ,163852 ,166985 ,6064 ,127739 ,163829 ,166960 ,6046 ,127755 ,163668 ,166948 ,6135 ,127911 ,163522 ,166838 ,6106 ,127898 ,163051 ,166514 ,6088 ,128065 ,162884 ,166336 ,6108 ,128052 ,162442 ,165885 ,6175 ,128051 ,162087 ,165442 ,6252 ,128126 ,161734 ,165107 ,6273 ,128308 ,161524 ,164901 ,6276 ,128355 ,161221 ,164545 ,6285 ,128081 ,160659 ,164071 ,6216 ,127646 ,159997 ,163530 ,6200 ,127395 ,159439 ,162979 ,6206 ,127091 ,158925 ,162510 ,6194 ,126957 ,158524 ,162169 ,6139 ,153889 ,158133 ,161766 ,6129 ,126652 ,157759 ,161446 ,6084 ,126368 ,157157 ,160864 ,6073 ,126096 ,156721 ,160423 ,6073 ,126001 ,156405 ,160147 ,5942 ,125911 ,156095 ,159825 ,5925 ,126237 ,156129 ,159996 ,5916 ,126334 ,156128 ,160092 ,5806 ,126216 ,155900 ,159845 ,5704 ,125901 ,155249 ,159164 ,5566 ,125528 ,154425 ,158349 ,5501 ,125021 ,153575 ,157544 ,5385 ,124242 ,152384 ,156294 ,5215 ,123278 ,150994 ,154842 ,5042 ,122067 ,149478 ,153283 ,4818 ,NaN,148104 ,151988 ,4605 ,120560 ,147278 ,151321 ,4469 
군포시,106638 ,139395 ,141284 ,6796 ,106658 ,139005 ,140807 ,6807 ,106829 ,138914 ,140769 ,6807 ,107022 ,138890 ,140744 ,6864 ,107169 ,138753 ,140601 ,6889 ,107246 ,138618 ,140523 ,6882 ,107236 ,138441 ,140316 ,6843 ,107271 ,138162 ,140025 ,6779 ,107263 ,137977 ,139771 ,6770 ,107237 ,137729 ,139564 ,6807 ,107396 ,137645 ,139460 ,6919 ,107548 ,137536 ,139380 ,6960 ,107726 ,137402 ,139243 ,7001 ,107792 ,137076 ,138982 ,6999 ,107762 ,136824 ,138762 ,6967 ,107806 ,136598 ,138609 ,7041 ,107855 ,136404 ,138389 ,7070 ,107955 ,136378 ,138308 ,7063 ,108129 ,136174 ,138190 ,7018 ,108129 ,136165 ,138330 ,7024 ,108749 ,136269 ,138398 ,7010 ,109182 ,136439 ,138690 ,7060 ,109645 ,136666 ,138880 ,7092 ,110005 ,136878 ,138974 ,7010 ,110248 ,136990 ,138999 ,7031 ,110540 ,136998 ,138859 ,6982 ,110864 ,137040 ,138920 ,6900 ,110974 ,137034 ,138920 ,6854 ,111242 ,137001 ,138901 ,6751 ,111639 ,137037 ,139002 ,6702 ,111918 ,137053 ,138942 ,6674 ,112054 ,136823 ,138685 ,6600 ,112114 ,136530 ,138455 ,6572 ,112242 ,136329 ,138291 ,6512 ,NaN,136130 ,138179 ,6365 ,112476 ,135834 ,137957 ,6248 
하남시,94601 ,117843 ,116576 ,2176 ,95551 ,118951 ,117702 ,2192 ,96370 ,119795 ,118561 ,2220 ,97171 ,120486 ,119176 ,2260 ,97951 ,120950 ,119698 ,2248 ,98469 ,121430 ,120250 ,2282 ,99033 ,122012 ,120778 ,2285 ,99880 ,122695 ,121534 ,2289 ,100737 ,123338 ,122139 ,2315 ,102213 ,124411 ,123249 ,2328 ,104047 ,126257 ,124998 ,2358 ,105832 ,127865 ,126550 ,2345 ,106984 ,129000 ,127611 ,2350 ,108271 ,130284 ,128763 ,2336 ,109238 ,131231 ,129631 ,2316 ,110018 ,131949 ,130312 ,2281 ,110716 ,132511 ,130931 ,2274 ,111295 ,133022 ,131384 ,2267 ,112159 ,133846 ,132236 ,2264 ,91879 ,134903 ,133283 ,2273 ,113972 ,135623 ,133916 ,2245 ,114571 ,136052 ,134443 ,2260 ,115113 ,136553 ,135021 ,2280 ,115792 ,136985 ,135470 ,2279 ,116659 ,137533 ,136054 ,2304 ,117734 ,138362 ,137022 ,2299 ,118883 ,139324 ,138107 ,2286 ,119929 ,140443 ,139178 ,2312 ,121096 ,141301 ,140039 ,2273 ,122338 ,142312 ,140944 ,2272 ,123194 ,142973 ,141534 ,2255 ,124208 ,143555 ,142138 ,2229 ,125491 ,144433 ,143019 ,2213 ,126569 ,145167 ,143755 ,2200 ,NaN,146255 ,144820 ,2187 ,128774 ,147424 ,146028 ,2168 
오산시,85949 ,110058 ,104062 ,8454 ,86410 ,110467 ,104385 ,8526 ,86809 ,110764 ,104640 ,8694 ,87464 ,111495 ,105260 ,8769 ,88011 ,112050 ,105877 ,8857 ,88321 ,112393 ,106242 ,8963 ,88519 ,112573 ,106343 ,9006 ,88739 ,112653 ,106345 ,9036 ,88989 ,112760 ,106381 ,9136 ,89231 ,112855 ,106364 ,9216 ,89563 ,113096 ,106618 ,9370 ,89860 ,113237 ,106833 ,9450 ,90165 ,113310 ,106830 ,9487 ,90578 ,113417 ,106822 ,9564 ,90853 ,113557 ,106820 ,9559 ,90999 ,113460 ,106621 ,9612 ,91318 ,113548 ,106541 ,9639 ,91538 ,113626 ,106459 ,9668 ,91658 ,113583 ,106392 ,9628 ,91658 ,114441 ,107228 ,9659 ,93221 ,115127 ,107854 ,9695 ,93866 ,115730 ,108383 ,9840 ,94582 ,116401 ,109045 ,9858 ,95209 ,116904 ,109475 ,9696 ,95594 ,117148 ,109588 ,9707 ,95918 ,117239 ,109661 ,9766 ,96259 ,117359 ,109753 ,9684 ,96525 ,117610 ,109940 ,9672 ,96896 ,117796 ,109953 ,9659 ,97348 ,117949 ,110162 ,9635 ,97673 ,118057 ,110266 ,9633 ,98150 ,118304 ,110464 ,9617 ,98610 ,118568 ,110681 ,9551 ,98897 ,118665 ,110759 ,9468 ,NaN,118706 ,110885 ,9360 ,99436 ,118785 ,110940 ,9231 
이천시,87306 ,108803 ,104178 ,6774 ,87432 ,108757 ,104050 ,6771 ,87723 ,108942 ,104126 ,6886 ,87948 ,109076 ,104172 ,6854 ,88159 ,109345 ,104247 ,6876 ,88328 ,109954 ,104630 ,6987 ,88497 ,110142 ,104727 ,7133 ,88733 ,110247 ,104707 ,7210 ,88882 ,110276 ,104663 ,7307 ,89166 ,110402 ,104675 ,7400 ,89390 ,110042 ,104458 ,7432 ,89596 ,109878 ,104328 ,7379 ,90082 ,110186 ,104302 ,7202 ,90422 ,110303 ,104245 ,7153 ,90623 ,110280 ,104171 ,7187 ,91219 ,110565 ,104249 ,7204 ,91551 ,110735 ,104340 ,7252 ,91700 ,111013 ,104486 ,7292 ,91879 ,111273 ,104641 ,7409 ,112159 ,111533 ,104694 ,7461 ,92250 ,111556 ,104669 ,7486 ,92429 ,111621 ,104711 ,7610 ,92434 ,111215 ,104589 ,7654 ,92643 ,111244 ,104590 ,7515 ,92902 ,111284 ,104601 ,7566 ,93178 ,111272 ,104597 ,7513 ,93738 ,111554 ,104850 ,7499 ,94112 ,111858 ,104986 ,7448 ,95030 ,112430 ,105117 ,7443 ,96059 ,113002 ,105463 ,7423 ,96643 ,113271 ,105683 ,7386 ,97350 ,113658 ,105879 ,7299 ,97440 ,113655 ,105876 ,7244 ,97598 ,113667 ,105846 ,7168 ,NaN,113668 ,105857 ,7150 ,96799 ,112947 ,105441 ,7030 
안성시,77511 ,93413 ,89027 ,10804 ,77688 ,93353 ,88990 ,10753 ,77751 ,93306 ,88894 ,10763 ,77856 ,93360 ,88851 ,10823 ,78003 ,93426 ,88852 ,10957 ,78108 ,93449 ,88845 ,11000 ,78254 ,93720 ,89024 ,11030 ,78785 ,94105 ,89384 ,11039 ,79082 ,94238 ,89513 ,11136 ,79339 ,94231 ,89573 ,11276 ,79578 ,94096 ,89479 ,11424 ,79805 ,94095 ,89484 ,11375 ,80090 ,94127 ,89484 ,11382 ,80331 ,94189 ,89487 ,11365 ,80493 ,94158 ,89412 ,11283 ,80626 ,94185 ,89480 ,11449 ,80806 ,94487 ,89654 ,11536 ,81140 ,94734 ,89876 ,11563 ,81207 ,94695 ,89769 ,11719 ,81207 ,94647 ,89629 ,11695 ,81298 ,94581 ,89501 ,11748 ,81358 ,94482 ,89351 ,11870 ,81415 ,94287 ,89225 ,11885 ,81599 ,94227 ,89178 ,11802 ,81761 ,94249 ,89120 ,11885 ,81999 ,94316 ,89128 ,11938 ,82511 ,94481 ,89270 ,11811 ,82794 ,94781 ,89430 ,11771 ,83178 ,95278 ,89740 ,11663 ,83543 ,95447 ,89858 ,11648 ,83780 ,95575 ,89969 ,11547 ,84257 ,95880 ,90224 ,11558 ,84772 ,96122 ,90338 ,11502 ,85138 ,96241 ,90454 ,11389 ,NaN,96313 ,90540 ,11331 ,85839 ,96355 ,90657 ,11222 
의왕시,59122 ,77651 ,77867 ,1199 ,58986 ,77430 ,77553 ,1189 ,58922 ,77316 ,77477 ,1172 ,58910 ,77281 ,77398 ,1168 ,58830 ,77163 ,77250 ,1164 ,58806 ,77059 ,77168 ,1158 ,58743 ,76950 ,77084 ,1147 ,58726 ,76796 ,76956 ,1140 ,58727 ,76786 ,76874 ,1137 ,58764 ,76676 ,76885 ,1145 ,58815 ,76715 ,76955 ,1151 ,58946 ,76834 ,77098 ,1152 ,59109 ,76931 ,77183 ,1154 ,59426 ,77282 ,77473 ,1149 ,60011 ,77943 ,78205 ,1162 ,60451 ,78391 ,78699 ,1174 ,60977 ,78950 ,79158 ,1175 ,61335 ,79256 ,79440 ,1164 ,61726 ,79560 ,79840 ,1171 ,61726 ,79738 ,79982 ,1183 ,62058 ,79838 ,80073 ,1185 ,62043 ,79833 ,80190 ,1185 ,62020 ,79843 ,80202 ,1186 ,62387 ,80353 ,80800 ,1191 ,62814 ,80957 ,81515 ,1194 ,63498 ,81709 ,82273 ,1196 ,63691 ,82016 ,82586 ,1188 ,63690 ,82049 ,82652 ,1180 ,63461 ,81782 ,82368 ,1160 ,63224 ,81480 ,82142 ,1140 ,63085 ,81175 ,81874 ,1118 ,63110 ,81006 ,81745 ,1110 ,64152 ,81504 ,82216 ,1097 ,64462 ,81603 ,82357 ,1087 ,NaN,81584 ,82394 ,1068 ,64690 ,81470 ,82325 ,1062 
양평군,53315 ,57952 ,57179 ,1584 ,20829 ,28022 ,29324 ,203 ,20768 ,27946 ,29278 ,198 ,53597 ,58054 ,57320 ,1559 ,53710 ,58198 ,57448 ,1550 ,53802 ,58308 ,57508 ,1545 ,53966 ,58435 ,57612 ,1555 ,54045 ,58576 ,57657 ,1582 ,54094 ,58514 ,57625 ,1585 ,54195 ,58528 ,57681 ,1591 ,54315 ,58462 ,57657 ,1585 ,54422 ,58396 ,57699 ,1575 ,54547 ,58389 ,57735 ,1566 ,54630 ,58391 ,57725 ,1529 ,54686 ,58331 ,57683 ,1520 ,54850 ,58362 ,57722 ,1522 ,55145 ,58543 ,57974 ,1522 ,55239 ,58606 ,58035 ,1527 ,55372 ,58784 ,58130 ,1513 ,49915 ,58874 ,58160 ,1534 ,55514 ,58806 ,58204 ,1525 ,55638 ,58856 ,58226 ,1534 ,55712 ,58737 ,58196 ,1535 ,55782 ,58654 ,58220 ,1500 ,55874 ,58654 ,58256 ,1517 ,55981 ,58630 ,58272 ,1498 ,56085 ,58676 ,58349 ,1500 ,56282 ,58837 ,58464 ,1475 ,56479 ,58902 ,58554 ,1463 ,56647 ,59048 ,58653 ,1451 ,56817 ,59192 ,58739 ,1440 ,57020 ,59475 ,58897 ,1426 ,57160 ,59493 ,58940 ,1422 ,57307 ,59533 ,59076 ,1414 ,NaN,59600 ,59178 ,1395 ,57675 ,59563 ,59247 ,1364 
여주시,49012 ,56633 ,55348 ,3523 ,49019 ,56655 ,55269 ,3520 ,49094 ,56642 ,55273 ,3467 ,49146 ,56634 ,55264 ,3427 ,49191 ,56577 ,55238 ,3439 ,49208 ,56526 ,55217 ,3466 ,49224 ,56459 ,55180 ,3475 ,49323 ,56467 ,55172 ,3549 ,49391 ,56453 ,55147 ,3605 ,49464 ,56475 ,55145 ,3608 ,49544 ,56500 ,55103 ,3563 ,49542 ,56479 ,55046 ,3549 ,49504 ,56491 ,54877 ,3552 ,49539 ,56418 ,54787 ,3487 ,49602 ,56403 ,54775 ,3428 ,49666 ,56391 ,54752 ,3403 ,49760 ,56383 ,54738 ,3403 ,49808 ,56362 ,54731 ,3430 ,49915 ,56400 ,54750 ,3499 ,55372 ,56369 ,54726 ,3543 ,49941 ,56334 ,54660 ,3567 ,50228 ,56391 ,54669 ,3609 ,50296 ,56453 ,54697 ,3640 ,50334 ,56427 ,54656 ,3576 ,50380 ,56388 ,54629 ,3617 ,50456 ,56378 ,54630 ,3600 ,50556 ,56415 ,54668 ,3527 ,50685 ,56492 ,54706 ,3502 ,50809 ,56545 ,54689 ,3542 ,50966 ,56582 ,54759 ,3524 ,51081 ,56600 ,54800 ,3523 ,51172 ,56651 ,54787 ,3525 ,51270 ,56689 ,54823 ,3498 ,51363 ,56710 ,54895 ,3476 ,NaN,56728 ,54908 ,3450 ,51748 ,56838 ,55059 ,3461 
과천시,20860 ,28054 ,29347 ,203 ,53409 ,57974 ,57203 ,1569 ,53504 ,58007 ,57260 ,1551 ,20739 ,27901 ,29253 ,214 ,20727 ,27866 ,29220 ,210 ,20688 ,27806 ,29162 ,204 ,20675 ,27786 ,29113 ,203 ,20887 ,28040 ,29353 ,200 ,21011 ,28176 ,29487 ,206 ,21093 ,28271 ,29600 ,209 ,21142 ,28343 ,29668 ,192 ,21205 ,28423 ,29719 ,183 ,21266 ,28470 ,29725 ,180 ,21291 ,28519 ,29761 ,180 ,21286 ,28524 ,29743 ,184 ,21315 ,28516 ,29702 ,184 ,21308 ,28481 ,29631 ,198 ,21299 ,28458 ,29592 ,193 ,21335 ,28469 ,29575 ,188 ,21335 ,28457 ,29579 ,187 ,21387 ,28494 ,29549 ,183 ,21372 ,28482 ,29515 ,182 ,21398 ,28541 ,29566 ,174 ,21467 ,28638 ,29651 ,173 ,21457 ,28650 ,29684 ,162 ,21442 ,28616 ,29637 ,164 ,21434 ,28633 ,29647 ,167 ,21957 ,29341 ,30346 ,180 ,22385 ,29872 ,30918 ,182 ,22631 ,30125 ,31184 ,182 ,22766 ,30296 ,31421 ,181 ,22830 ,30374 ,31528 ,178 ,22864 ,30431 ,31551 ,180 ,22915 ,30459 ,31552 ,182 ,NaN,30466 ,31560 ,174 ,23373 ,31068 ,32163 ,166 
고양시,409202 ,511344 ,530253 ,12278 ,409713 ,511236 ,530194 ,12296 ,410427 ,511114 ,530336 ,12353 ,411178 ,511210 ,530541 ,12401 ,411792 ,511405 ,530722 ,12404 ,412850 ,511971 ,531394 ,12427 ,413484 ,512022 ,531611 ,12471 ,414515 ,511866 ,531540 ,12446 ,415051 ,511693 ,531342 ,12496 ,415905 ,511752 ,531377 ,12631 ,416954 ,512224 ,531734 ,12650 ,417607 ,512359 ,531830 ,12664 ,418085 ,512223 ,531774 ,12677 ,418575 ,511917 ,531509 ,12655 ,419505 ,512152 ,532027 ,12626 ,420749 ,512768 ,532765 ,12621 ,421975 ,513309 ,533243 ,12638 ,422864 ,513781 ,533794 ,12590 ,424902 ,515498 ,535679 ,12529 ,424902 ,517685 ,538188 ,12509 ,429931 ,519410 ,539930 ,12550 ,431475 ,520659 ,541270 ,12592 ,432730 ,521818 ,542400 ,12595 ,434028 ,522749 ,543602 ,12508 ,435238 ,523803 ,544838 ,12525 ,436688 ,524883 ,546119 ,12531 ,437946 ,525756 ,547153 ,12409 ,438900 ,526681 ,548172 ,12347 ,440420 ,527304 ,548875 ,12225 ,441878 ,527663 ,549333 ,12156 ,443049 ,527701 ,549646 ,12023 ,443670 ,527215 ,549191 ,11910 ,444420 ,526928 ,548913 ,11841 ,445663 ,527169 ,549395 ,11724 ,NaN,527834 ,550213 ,11615 ,448574 ,528480 ,550736 ,11522 
남양주시,256333 ,333004 ,334018 ,6836 ,257359 ,334256 ,335297 ,6776 ,258195 ,335166 ,336312 ,6743 ,259020 ,335970 ,337271 ,6785 ,259793 ,336723 ,338048 ,6820 ,260372 ,337412 ,338666 ,6929 ,261074 ,338248 ,339488 ,6996 ,262207 ,339427 ,340818 ,7077 ,262921 ,339838 ,341374 ,7102 ,263504 ,339862 ,341523 ,7157 ,263984 ,339883 ,341652 ,7165 ,264488 ,340030 ,341798 ,7137 ,265116 ,340422 ,342118 ,7175 ,266237 ,341356 ,343055 ,7128 ,267061 ,342020 ,343896 ,7070 ,268285 ,342750 ,344825 ,7193 ,269211 ,343389 ,345630 ,7257 ,270211 ,344481 ,346626 ,7307 ,271647 ,345828 ,347965 ,7377 ,271647 ,347547 ,349678 ,7393 ,274459 ,348496 ,350830 ,7437 ,275474 ,349141 ,351457 ,7518 ,275986 ,349286 ,351805 ,7522 ,276656 ,349664 ,352166 ,7477 ,277259 ,350058 ,352487 ,7541 ,278183 ,350840 ,353332 ,7521 ,278736 ,351413 ,353851 ,7477 ,279137 ,351837 ,354232 ,7423 ,279577 ,351990 ,354454 ,7385 ,280236 ,352439 ,355046 ,7372 ,281325 ,353217 ,356030 ,7340 ,281998 ,353465 ,356416 ,7311 ,282645 ,353701 ,356732 ,7284 ,283718 ,354477 ,357338 ,7237 ,NaN,355027 ,357873 ,7182 ,285334 ,355197 ,358124 ,7141 
파주시,181111 ,223072 ,216209 ,10732 ,181829 ,223554 ,216767 ,10601 ,182379 ,223918 ,217182 ,10640 ,182723 ,224181 ,217436 ,10667 ,183207 ,224685 ,217900 ,10806 ,183614 ,224975 ,218269 ,10951 ,184247 ,225487 ,218694 ,11066 ,185486 ,226711 ,219958 ,11104 ,186483 ,227613 ,220933 ,11123 ,187439 ,228383 ,221724 ,11179 ,187953 ,228850 ,222168 ,11206 ,188407 ,229250 ,222598 ,11274 ,188884 ,229604 ,222960 ,11258 ,189382 ,229915 ,223142 ,11163 ,189702 ,229975 ,223292 ,11170 ,189952 ,230009 ,223357 ,11240 ,190191 ,230127 ,223473 ,11259 ,190474 ,230304 ,223579 ,11292 ,190682 ,230341 ,223601 ,11392 ,189224 ,230315 ,223583 ,11382 ,191092 ,230236 ,223589 ,11346 ,191502 ,230435 ,223620 ,11489 ,191594 ,230527 ,223580 ,11525 ,191668 ,230461 ,223579 ,11572 ,191780 ,230458 ,223503 ,11648 ,191890 ,230409 ,223418 ,11721 ,192385 ,230790 ,223704 ,11623 ,192716 ,231142 ,224120 ,11524 ,193249 ,231256 ,224215 ,11423 ,193902 ,231522 ,224551 ,11348 ,194725 ,231825 ,224963 ,11222 ,196157 ,232919 ,226239 ,11146 ,197536 ,233949 ,227365 ,11067 ,198536 ,234915 ,228240 ,10912 ,NaN,235537 ,228916 ,10761 ,200270 ,236049 ,229568 ,10655 
의정부시,180004 ,218155 ,224052 ,4220 ,180460 ,218371 ,224341 ,4247 ,180756 ,218383 ,224424 ,4290 ,181130 ,218426 ,224539 ,4365 ,181431 ,218416 ,224508 ,4483 ,181558 ,218296 ,224422 ,4590 ,181856 ,218296 ,224500 ,4700 ,182411 ,218610 ,224856 ,4782 ,183087 ,219028 ,225334 ,4644 ,183786 ,219374 ,225637 ,4599 ,184304 ,219695 ,225937 ,4544 ,185319 ,220360 ,226666 ,4516 ,186246 ,221006 ,227357 ,4542 ,186879 ,221316 ,227805 ,4579 ,187430 ,221565 ,228238 ,4537 ,187998 ,221796 ,228536 ,4581 ,188557 ,221978 ,228717 ,4570 ,188869 ,222135 ,228826 ,4619 ,189224 ,222289 ,228919 ,4758 ,190682 ,222583 ,229260 ,4845 ,189958 ,222617 ,229229 ,4882 ,190299 ,222605 ,229236 ,4913 ,190466 ,222627 ,229206 ,4899 ,190760 ,222590 ,229278 ,4908 ,191062 ,222611 ,229265 ,4984 ,191903 ,223110 ,229755 ,5218 ,192725 ,223534 ,230145 ,5190 ,193333 ,223765 ,230457 ,5142 ,194134 ,224100 ,230759 ,5135 ,195030 ,224416 ,231104 ,5129 ,195887 ,224479 ,231192 ,5014 ,197062 ,224985 ,231675 ,4855 ,198362 ,225715 ,232558 ,4803 ,199398 ,226232 ,233186 ,4794 ,NaN,226656 ,233734 ,4762 ,201630 ,227342 ,234368 ,4745 
양주시,85340 ,107628 ,104529 ,7196 ,85557 ,107675 ,104495 ,7158 ,85792 ,107750 ,104611 ,7116 ,85917 ,107686 ,104590 ,7107 ,86043 ,107730 ,104655 ,7001 ,86506 ,108211 ,105177 ,7123 ,86815 ,108484 ,105481 ,7168 ,87216 ,108722 ,105714 ,7262 ,87540 ,108989 ,105897 ,7215 ,87948 ,109244 ,106118 ,7320 ,88630 ,109694 ,106610 ,7301 ,89088 ,109978 ,106973 ,7299 ,89535 ,110329 ,107350 ,7260 ,89836 ,110513 ,107544 ,7205 ,90222 ,110935 ,107929 ,7119 ,90723 ,111443 ,108346 ,7186 ,91173 ,111816 ,108736 ,7107 ,91484 ,111962 ,108891 ,7164 ,91722 ,112090 ,108975 ,7282 ,91722 ,112167 ,109096 ,7369 ,92237 ,112323 ,109256 ,7317 ,92589 ,112495 ,109455 ,7428 ,92959 ,112746 ,109511 ,7446 ,93026 ,112775 ,109539 ,7464 ,93156 ,112770 ,109505 ,7528 ,93333 ,112854 ,109581 ,7547 ,93895 ,113515 ,110189 ,7461 ,94279 ,113980 ,110544 ,7457 ,94689 ,114236 ,110833 ,7399 ,95348 ,114757 ,111258 ,7402 ,96334 ,115695 ,112277 ,7373 ,96907 ,116194 ,112858 ,7321 ,97235 ,116428 ,112999 ,7169 ,97666 ,116719 ,113286 ,7107 ,NaN,116847 ,113426 ,7074 ,97998 ,116916 ,113443 ,7011 
구리시,77527 ,99468 ,100891 ,1412 ,77570 ,99402 ,100848 ,1403 ,77564 ,99228 ,100749 ,1409 ,77715 ,99260 ,100810 ,1403 ,78032 ,99645 ,101187 ,1407 ,78437 ,100077 ,101586 ,1428 ,78594 ,100158 ,101665 ,1427 ,78627 ,100100 ,101475 ,1411 ,78925 ,100385 ,101736 ,1416 ,79447 ,100924 ,102294 ,1398 ,79670 ,101144 ,102467 ,1412 ,79735 ,101084 ,102469 ,1424 ,79722 ,100867 ,102314 ,1433 ,79716 ,100625 ,102062 ,1425 ,79638 ,100439 ,101840 ,1416 ,79698 ,100291 ,101661 ,1436 ,79783 ,100174 ,101505 ,1422 ,79795 ,99980 ,101377 ,1412 ,79811 ,99821 ,101131 ,1442 ,79811 ,99430 ,100775 ,1451 ,79547 ,99123 ,100472 ,1447 ,79515 ,98926 ,100313 ,1481 ,79667 ,98985 ,100274 ,1480 ,79870 ,98968 ,100297 ,1490 ,79988 ,98858 ,100157 ,1495 ,80252 ,98807 ,100114 ,1509 ,80442 ,98873 ,100226 ,1512 ,80585 ,98816 ,100202 ,1511 ,80740 ,98734 ,100149 ,1467 ,80745 ,98503 ,99958 ,1464 ,80840 ,98386 ,99826 ,1450 ,80972 ,98262 ,99627 ,1450 ,81249 ,98260 ,99714 ,1448 ,81383 ,98145 ,99636 ,1432 ,NaN,98033 ,99575 ,1406 ,81520 ,97939 ,99515 ,1402 
포천시,68845 ,80295 ,72440 ,12497 ,68914 ,80233 ,72348 ,12341 ,68964 ,80175 ,72252 ,12252 ,69028 ,80120 ,72190 ,12189 ,69167 ,80128 ,72170 ,12301 ,69260 ,80090 ,72136 ,12541 ,69257 ,79964 ,72019 ,12725 ,69297 ,79925 ,71965 ,12673 ,69384 ,79874 ,71893 ,12720 ,69442 ,79712 ,71783 ,12740 ,69443 ,79517 ,71588 ,12758 ,69429 ,79310 ,71366 ,12798 ,69395 ,79079 ,71113 ,12832 ,69484 ,78981 ,71000 ,12701 ,69574 ,78961 ,70877 ,12597 ,69641 ,78843 ,70760 ,12756 ,69783 ,78731 ,70659 ,12801 ,69855 ,78691 ,70677 ,12822 ,69839 ,78556 ,70565 ,12999 ,69839 ,78501 ,70541 ,12978 ,69859 ,78418 ,70382 ,13014 ,69970 ,78446 ,70305 ,13155 ,69985 ,78342 ,70241 ,13160 ,69976 ,78231 ,70148 ,13264 ,69995 ,78129 ,70008 ,13603 ,69988 ,77972 ,69798 ,13749 ,70203 ,78050 ,69803 ,13507 ,70356 ,78234 ,69910 ,13316 ,70532 ,78242 ,69839 ,13167 ,70702 ,78233 ,69782 ,13096 ,70793 ,78166 ,69643 ,12908 ,70950 ,78194 ,69660 ,12788 ,71061 ,78196 ,69607 ,12650 ,71168 ,78066 ,69512 ,12494 ,NaN,78012 ,69465 ,12280 ,71315 ,77905 ,69369 ,12115 
동두천시,42453 ,48334 ,48705 ,3274 ,42456 ,48254 ,48630 ,3280 ,42509 ,48243 ,48627 ,3239 ,42568 ,48276 ,48645 ,3255 ,42682 ,48323 ,48632 ,3294 ,42685 ,48299 ,48558 ,3352 ,42738 ,48268 ,48490 ,3348 ,42764 ,48212 ,48433 ,3390 ,42805 ,48161 ,48394 ,3380 ,42862 ,48089 ,48340 ,3373 ,42906 ,48031 ,48316 ,3362 ,42919 ,47988 ,48238 ,3340 ,42904 ,47887 ,48112 ,3346 ,42885 ,47822 ,47973 ,3354 ,42857 ,47658 ,47859 ,3364 ,42849 ,47567 ,47808 ,3392 ,42833 ,47492 ,47741 ,3378 ,42929 ,47512 ,47738 ,3382 ,42935 ,47459 ,47692 ,3353 ,42935 ,47399 ,47611 ,3353 ,42938 ,47332 ,47580 ,3353 ,43002 ,47335 ,47606 ,3385 ,42971 ,47278 ,47501 ,3376 ,42999 ,47308 ,47460 ,3477 ,43047 ,47276 ,47443 ,3515 ,43032 ,47156 ,47296 ,3668 ,43010 ,47048 ,47183 ,3639 ,43024 ,47015 ,47176 ,3604 ,43122 ,46946 ,47151 ,3568 ,43291 ,46951 ,47192 ,3548 ,43315 ,46904 ,47081 ,3525 ,43398 ,46912 ,47056 ,3475 ,43451 ,46863 ,47038 ,3441 ,43498 ,46846 ,47069 ,3400 ,NaN,46959 ,47240 ,3381 ,43874 ,47038 ,47315 ,3334 
가평군,29820 ,32210 ,30604 ,1039 ,29827 ,32151 ,30564 ,1029 ,29917 ,32168 ,30619 ,1073 ,29948 ,32240 ,30578 ,1070 ,30031 ,32272 ,30734 ,1059 ,30084 ,32314 ,30762 ,1046 ,30177 ,32338 ,30777 ,1040 ,30219 ,32360 ,30795 ,1039 ,30253 ,32354 ,30806 ,1062 ,30278 ,32373 ,30784 ,1061 ,30305 ,32339 ,30700 ,1052 ,30359 ,32288 ,30630 ,1018 ,30450 ,32351 ,30586 ,1031 ,30515 ,32263 ,30551 ,1011 ,30539 ,32257 ,30523 ,1037 ,30556 ,32255 ,30485 ,1057 ,30662 ,32297 ,30689 ,1068 ,30701 ,32276 ,30672 ,1059 ,30697 ,32216 ,30640 ,1067 ,30697 ,32200 ,30626 ,1053 ,30703 ,32182 ,30561 ,1083 ,30735 ,32147 ,30563 ,1086 ,30711 ,32062 ,30440 ,1078 ,30768 ,32042 ,30373 ,1047 ,30779 ,31986 ,30317 ,1046 ,30805 ,31976 ,30248 ,1035 ,30881 ,31990 ,30272 ,1060 ,30951 ,32067 ,30330 ,1053 ,31118 ,32175 ,30391 ,1051 ,31295 ,32242 ,30420 ,1049 ,31336 ,32247 ,30385 ,1038 ,31380 ,32228 ,30377 ,1028 ,31396 ,32205 ,30346 ,1029 ,31388 ,32168 ,30308 ,1022 ,NaN,32192 ,30303 ,1017 ,31533 ,32156 ,30221 ,1003 
연천군,21544 ,23722 ,21561 ,979 ,21524 ,23641 ,21487 ,973 ,21505 ,23614 ,21468 ,960 ,21503 ,23572 ,21446 ,954 ,21500 ,23538 ,21420 ,966 ,21547 ,23573 ,21411 ,965 ,21518 ,23482 ,21398 ,954 ,21539 ,23465 ,21379 ,971 ,21508 ,23417 ,21360 ,972 ,21523 ,23387 ,21345 ,959 ,21566 ,23409 ,21320 ,973 ,21526 ,23364 ,21269 ,973 ,21537 ,23322 ,21220 ,967 ,21529 ,23233 ,21104 ,954 ,21529 ,23177 ,21076 ,949 ,21510 ,23128 ,21059 ,969 ,21527 ,23092 ,21024 ,987 ,21508 ,23043 ,20980 ,1012 ,21533 ,23036 ,20972 ,1020 ,21533 ,23047 ,20947 ,1024 ,21557 ,22998 ,20935 ,1024 ,21595 ,22980 ,20901 ,1034 ,21605 ,23003 ,20915 ,1038 ,21630 ,22962 ,20862 ,1015 ,21628 ,22948 ,20793 ,1025 ,21633 ,22882 ,20732 ,1036 ,21653 ,22858 ,20694 ,1035 ,21709 ,22882 ,20736 ,1042 ,21793 ,22930 ,20759 ,1020 ,21793 ,22851 ,20767 ,1023 ,21823 ,22834 ,20732 ,1011 ,21848 ,22813 ,20729 ,993 ,21905 ,22827 ,20763 ,978 ,21949 ,22820 ,20754 ,947 ,NaN,22801 ,20730 ,933 ,22028 ,22799 ,20717 ,917 
